{"type":"FeatureCollection","features":[{"type":"Feature","properties":{"Route No":"* 17P100","Council District":2,"Time Start":"10:00 AM","Time End":"12:00 PM","Boundaries":"Chandler Bl. to Ventura Fwy / Colfax Av. to Laurel Cyn. Bl."},"geometry":null},{"type":"Feature","properties":{"Route No":"*17P100","Council District":2,"Time Start":"10:00 AM","Time End":"12:00 PM","Boundaries":"Chandler Bl. to Ventura Fwy / Colfax Av. to Laurel Cyn. Bl."},"geometry":null},{"type":"Feature","properties":{"Route No":"10P136 Th","Council District":10,"Time Start":"8:00 AM","Time End":"10:00 AM","Boundaries":"La Brea Ave to Arlington Ave- Santa Monica Fwy to Adams Blvd"},"geometry":null},{"type":"Feature","properties":{"Route No":"10P136 W","Council District":10,"Time Start":"8:00 AM","Time End":"10:00 AM","Boundaries":"La Brea Ave to Arlington Ave -Santa Monica Fwy to Adams Blvd"},"geometry":null},{"type":"Feature","properties":{"Route No":"10P137 M","Council District":10,"Time Start":"9:00 AM","Time End":"11:00 AM","Boundaries":"Adams Blvd to Jefferson Blvd - La Cienega Blvd to Hauser Blvd"},"geometry":null},{"type":"Feature","properties":{"Route No":"10P137 Tu","Council District":10,"Time Start":"9:00 AM","Time End":"11:00 AM","Boundaries":"Adams Blvd to Jefferson Blvd - La Cienega Blvd to Hauser Blvd"},"geometry":null},{"type":"Feature","properties":{"Route No":"10P138 M","Council District":10,"Time Start":"10:00 AM","Time End":"12:00 PM","Boundaries":"Adams Blvd to Jefferson Blvd - Hauser Blvd to La Brea Ave"},"geometry":null},{"type":"Feature","properties":{"Route No":"10P138 Tu","Council District":10,"Time Start":"10:00 AM","Time End":"12:00 PM","Boundaries":"Adams Blvd to Jefferson Blvd - Hauser Blvd to La Brea Ave"},"geometry":null},{"type":"Feature","properties":{"Route No":"10P139 M","Council District":10,"Time Start":"12:00 PM","Time End":"2:00 PM","Boundaries":"Jefferson Blvd to Coliseum St- Hauser Ave to Holdrege Ave"},"geometry":null},{"type":"Feature","properties":{"Route No":"10P139 Tu","Council District":10,"Time Start":"12:00 PM","Time End":"2:00 PM","Boundaries":"Jefferson Blvd to Coliseum St- Hauser Ave to Holdrege Ave"},"geometry":null},{"type":"Feature","properties":{"Route No":"10P140 M","Council District":10,"Time Start":"1:00 PM","Time End":"3:00 PM","Boundaries":"Exposition Blvd to Coliseum St - Hauser Blvd to La Brea Ave"},"geometry":null},{"type":"Feature","properties":{"Route No":"10P140 Tu","Council District":10,"Time Start":"1:00 PM","Time End":"3:00 PM","Boundaries":"Exposition Blvd to Coliseum St - Hauser Blvd to La Brea Ave"},"geometry":null},{"type":"Feature","properties":{"Route No":"10P141 M","Council District":10,"Time Start":"8:00 AM","Time End":"10:00 AM","Boundaries":"Adams Blvd to Santa Monica Fwy - La Brea Ave to Fairfax Ave"},"geometry":null},{"type":"Feature","properties":{"Route No":"10P141 Tu","Council District":10,"Time Start":"8:00 AM","Time End":"10:00 AM","Boundaries":"Adams Blvd to Santa Monica Fwy - La Brea Ave to Fairfax Ave"},"geometry":null},{"type":"Feature","properties":{"Route No":"10P142 Th","Council District":10,"Time Start":"10:00 AM","Time End":"12:00 PM","Boundaries":"Adams Blvd to Jefferson Blvd - Arlington Ave to Edgehill Dr"},"geometry":null},{"type":"Feature","properties":{"Route No":"10P142 W","Council District":10,"Time Start":"10:00 AM","Time End":"12:00 PM","Boundaries":"Adams Blvd to Jefferson Blvd - Arlington Ave to Edgehill Dr"},"geometry":null},{"type":"Feature","properties":{"Route No":"10P143 Th","Council District":10,"Time Start":"11:00 AM","Time End":"1:00 PM","Boundaries":"Adams Blvd to Jefferson Blvd - Crenshaw Blvd to Edgehill Dr"},"geometry":null},{"type":"Feature","properties":{"Route No":"10P143 W","Council District":10,"Time Start":"11:00 AM","Time End":"1:00 PM","Boundaries":"Adams Blvd to Jefferson Blvd - Crenshaw Blvd to Edgehill Dr"},"geometry":null},{"type":"Feature","properties":{"Route No":"10P144 Th","Council District":10,"Time Start":"1:00 PM","Time End":"3:00 PM","Boundaries":"Adams Blvd to Exposition Blvd - West Blvd to Crenshaw Blvd"},"geometry":null},{"type":"Feature","properties":{"Route No":"10P144 W","Council District":10,"Time Start":"1:00 PM","Time End":"3:00 PM","Boundaries":"Adams Blvd to Exposition Blvd -West Blvd to Crenshaw Blvd"},"geometry":null},{"type":"Feature","properties":{"Route No":"10P145 Th","Council District":8,"Time Start":"8:00 AM","Time End":"10:00 AM","Boundaries":"Santa Monica Fwy to Jefferson Blvd- Normandie Ave to Western Av"},"geometry":null},{"type":"Feature","properties":{"Route No":"10P145 W","Council District":8,"Time Start":"8:00 AM","Time End":"10:00 AM","Boundaries":"Santa Monica Fwy to Jefferson Blvd - Normandie Ave to Western Av"},"geometry":null},{"type":"Feature","properties":{"Route No":"10P146 Th","Council District":8,"Time Start":"9:00 AM","Time End":"11:00 AM","Boundaries":"Santa Monica Fwy to Adams Blvd- Normandie Ave to Vermont Ave"},"geometry":null},{"type":"Feature","properties":{"Route No":"10P146 W","Council District":8,"Time Start":"9:00 AM","Time End":"11:00 AM","Boundaries":"Santa Monica Fwy to Adams Blvd- Normandie Ave to Vermont Ave"},"geometry":null},{"type":"Feature","properties":{"Route No":"10P147 Th","Council District":8,"Time Start":"10:00 AM","Time End":"12:00 PM","Boundaries":"Adams Blvd to Jefferson Blvd - Normandie Ave to Vermont Ave"},"geometry":null},{"type":"Feature","properties":{"Route No":"10P147 W","Council District":8,"Time Start":"10:00 AM","Time End":"12:00 PM","Boundaries":"Adams Blvd to Jefferson Blvd - Normandie Ave to Vermont Ave"},"geometry":null},{"type":"Feature","properties":{"Route No":"10P148 Th","Council District":8,"Time Start":"12:00 PM","Time End":"2:00 PM","Boundaries":"Vermont Ave to Normandie Ave - Jefferson Blvd to Exposition Blvd"},"geometry":null},{"type":"Feature","properties":{"Route No":"10P148 W","Council District":8,"Time Start":"12:00 PM","Time End":"2:00 PM","Boundaries":"Vermont Ave to Normandie Ave - Jefferson Blvd to Exposition Blvd"},"geometry":null},{"type":"Feature","properties":{"Route No":"10P149 Th","Council District":8,"Time Start":"1:00 PM","Time End":"3:00 PM","Boundaries":"Normandie Ave to Western Ave - Jefferson Blvd to Exposition Blvd"},"geometry":null},{"type":"Feature","properties":{"Route No":"10P149 W","Council District":8,"Time Start":"1:00 PM","Time End":"3:00 PM","Boundaries":"Normandie Ave to Western Ave - Jefferson Blvd to Exposition Blvd"},"geometry":null},{"type":"Feature","properties":{"Route No":"10P150 Th","Council District":10,"Time Start":"8:00 AM","Time End":"10:00 AM","Boundaries":"Santa Monica Fwy to Jefferson Blvd - Arlington Ave to Western Av"},"geometry":null},{"type":"Feature","properties":{"Route No":"10P150 W","Council District":10,"Time Start":"8:00 AM","Time End":"10:00 AM","Boundaries":"Santa Monica Fwy to Jefferson Blvd - Arlington Ave to Western Av"},"geometry":null},{"type":"Feature","properties":{"Route No":"10P151 Th","Council District":10,"Time Start":"10:00 AM","Time End":"12:00 PM","Boundaries":"Jefferson Blvd to Exposition Blvd - Arlington Ave to Crenshaw Blvd"},"geometry":null},{"type":"Feature","properties":{"Route No":"10P151 W","Council District":10,"Time Start":"10:00 AM","Time End":"12:00 PM","Boundaries":"Jefferson Blvd to Exposition Blvd - Arlington Ave to Crenshaw Blvd"},"geometry":null},{"type":"Feature","properties":{"Route No":"10P152 Th","Council District":10,"Time Start":"12:00 PM","Time End":"2:00 PM","Boundaries":"Rodeo Rd to Martin L. King Blvd - Crenshaw Blvd to Westside Ave"},"geometry":null},{"type":"Feature","properties":{"Route No":"10P152 W","Council District":10,"Time Start":"12:00 PM","Time End":"2:00 PM","Boundaries":"Rodeo Rd to Martin L. King Blvd - Crenshaw Blvd to Westside Ave"},"geometry":null},{"type":"Feature","properties":{"Route No":"10P153 Th","Council District":10,"Time Start":"1:00 PM","Time End":"3:00 PM","Boundaries":"Rodeo Rd to Martin L. King Blvd - Arlington Ave to Westside Ave"},"geometry":null},{"type":"Feature","properties":{"Route No":"10P153 W","Council District":10,"Time Start":"1:00 PM","Time End":"3:00 PM","Boundaries":"Rodeo Rd to Martin L. King Blvd- Arlington Ave to Westside Ave"},"geometry":null},{"type":"Feature","properties":{"Route No":"10P154 Th","Council District":10,"Time Start":"8:00 AM","Time End":"10:00 AM","Boundaries":"Adams Blvd to Exposition Blvd - West Blvd to La Brea Ave"},"geometry":null},{"type":"Feature","properties":{"Route No":"10P154 W","Council District":10,"Time Start":"8:00 AM","Time End":"10:00 AM","Boundaries":"Adams Blvd to Exposition Blvd -West Blvd to La Brea Ave"},"geometry":null},{"type":"Feature","properties":{"Route No":"10P155 Th","Council District":10,"Time Start":"10:00 AM","Time End":"12:00 PM","Boundaries":"Exposition Blvd to Martin L. King Blvd - Crenshaw Blvd to La Brea Av"},"geometry":null},{"type":"Feature","properties":{"Route No":"10P155 W","Council District":10,"Time Start":"10:00 AM","Time End":"12:00 PM","Boundaries":"Exposition Blvd to Martin L. King Blvd - Crenshaw Blvd to La Brea Av"},"geometry":null},{"type":"Feature","properties":{"Route No":"10P156 Th","Council District":10,"Time Start":"12:00 PM","Time End":"2:00 PM","Boundaries":"Martin L. King Blvd to Don Ricardo Dr- Gibralter Ave to Hillcrest Dr"},"geometry":null},{"type":"Feature","properties":{"Route No":"10P156 W","Council District":10,"Time Start":"12:00 PM","Time End":"2:00 PM","Boundaries":"Martin L. King Blvd to Don Ricardo Dr - Gibralter Ave to Hillcrest Dr"},"geometry":null},{"type":"Feature","properties":{"Route No":"10P157 Th","Council District":10,"Time Start":"1:00 PM","Time End":"3:00 PM","Boundaries":"Martin L. King Blvd to Don Diablo Dr - Hillcrest Dr to Marlton Ave"},"geometry":null},{"type":"Feature","properties":{"Route No":"10P157 W","Council District":10,"Time Start":"1:00 PM","Time End":"3:00 PM","Boundaries":"Martin L. King Blvd to Don Diablo Dr - Hillcrest Dr to Marlton Ave"},"geometry":null},{"type":"Feature","properties":{"Route No":"10P158 Th","Council District":10,"Time Start":"7:30 AM","Time End":"9:30 AM","Boundaries":"Jefferson Blvd to Exposition Blvd- Western Ave to Arlington Ave"},"geometry":null},{"type":"Feature","properties":{"Route No":"10P158 W","Council District":10,"Time Start":"7:30 AM","Time End":"9:30 AM","Boundaries":"Jefferson Blvd to Exposition Blvd- Western Ave to Arlington Ave"},"geometry":null},{"type":"Feature","properties":{"Route No":"10P159 Th","Council District":10,"Time Start":"8:00 AM","Time End":"10:00 AM","Boundaries":"Exposition Blvd to Martin L. King Bl- Western Ave to Arlington Ave"},"geometry":null},{"type":"Feature","properties":{"Route No":"10P159 W","Council District":10,"Time Start":"8:00 AM","Time End":"10:00 AM","Boundaries":"Exposition Blvd to Martin L. King Bl- Western Ave to Arlington Ave"},"geometry":null},{"type":"Feature","properties":{"Route No":"10P160 Th","Council District":8,"Time Start":"10:00 AM","Time End":"12:00 PM","Boundaries":"Exposition Blvd to Martin L. King Bl-Normandie Ave to Western Ave"},"geometry":null},{"type":"Feature","properties":{"Route No":"10P160 W","Council District":8,"Time Start":"10:00 AM","Time End":"12:00 PM","Boundaries":"Exposition Blvd to Martin L. King Bl- Normandie Ave to Western Ave"},"geometry":null},{"type":"Feature","properties":{"Route No":"10P161 Th","Council District":8,"Time Start":"12:00 PM","Time End":"2:00 PM","Boundaries":"Exposition Blvd to Martin L. King Bl-Vermont Ave to Normandie AVe"},"geometry":null},{"type":"Feature","properties":{"Route No":"10P161 W","Council District":8,"Time Start":"12:00 PM","Time End":"2:00 PM","Boundaries":"Exposition Blvd to Martin L. King Bl- Vermont Ave to Normandie AVe"},"geometry":null},{"type":"Feature","properties":{"Route No":"10P162 Th","Council District":8,"Time Start":"8:00 AM","Time End":"10:00 AM","Boundaries":"Martin L. King Blvd to Vernon Ave-Vermont Ave to Normandie Ave"},"geometry":null},{"type":"Feature","properties":{"Route No":"10P162 W","Council District":8,"Time Start":"8:00 AM","Time End":"10:00 AM","Boundaries":"Martin L. King Blvd to Vernon Ave-Vermont Ave to Normandie Ave"},"geometry":null},{"type":"Feature","properties":{"Route No":"10P163 Th","Council District":8,"Time Start":"9:00 AM","Time End":"11:00 AM","Boundaries":"Normandie Ave to Western Ave- Vernon Ave to Martin L. King Blvd"},"geometry":null},{"type":"Feature","properties":{"Route No":"10P163 W","Council District":8,"Time Start":"9:00 AM","Time End":"11:00 AM","Boundaries":"Normandie Ave to Western Ave-Vernon Ave to Martin L. King Blvd"},"geometry":null},{"type":"Feature","properties":{"Route No":"10P164 Th","Council District":8,"Time Start":"8:00 AM","Time End":"10:00 AM","Boundaries":"Vernon Ave to 51st St- Normandie Ave to Vermont Ave"},"geometry":null},{"type":"Feature","properties":{"Route No":"10P164 W","Council District":8,"Time Start":"8:00 AM","Time End":"10:00 AM","Boundaries":"Vernon Ave to 51st St- Normandie Ave to Vermont Ave"},"geometry":null},{"type":"Feature","properties":{"Route No":"10P165 Th","Council District":8,"Time Start":"9:00 AM","Time End":"11:00 AM","Boundaries":"51st St to Slauson Ave- Vermont St to Normandie Ave"},"geometry":null},{"type":"Feature","properties":{"Route No":"10P165 W","Council District":8,"Time Start":"9:00 AM","Time End":"11:00 AM","Boundaries":"51st St to Slauson Ave-Vermont St to Normandie Ave"},"geometry":null},{"type":"Feature","properties":{"Route No":"10P166 Th","Council District":8,"Time Start":"12:00 PM","Time End":"2:00 PM","Boundaries":"Vernon Ave to 51st Pl-Western Ave to Normandie Ave"},"geometry":null},{"type":"Feature","properties":{"Route No":"10P166 W","Council District":8,"Time Start":"12:00 PM","Time End":"2:00 PM","Boundaries":"Vernon Ave to 51st Pl-Western Ave to Normandie Ave"},"geometry":null},{"type":"Feature","properties":{"Route No":"10P167 Th","Council District":8,"Time Start":"1:00 PM","Time End":"3:00 PM","Boundaries":"51st Pl to Slauson Ave-Normandie Ave to Western Ave"},"geometry":null},{"type":"Feature","properties":{"Route No":"10P167 W","Council District":8,"Time Start":"1:00 PM","Time End":"3:00 PM","Boundaries":"51st Pl to Slauson Ave-Normandie Ave to Western Ave"},"geometry":null},{"type":"Feature","properties":{"Route No":"10P168 Th","Council District":8,"Time Start":"12:00 PM","Time End":"2:00 PM","Boundaries":"Vernon Ave to 52nd St-Western Ave to Arlington Ave"},"geometry":null},{"type":"Feature","properties":{"Route No":"10P168 W","Council District":8,"Time Start":"12:00 PM","Time End":"2:00 PM","Boundaries":"Vernon Ave to 52nd St- Western Ave to Arlington Ave"},"geometry":null},{"type":"Feature","properties":{"Route No":"10P169 Th","Council District":8,"Time Start":"1:00 PM","Time End":"3:00 PM","Boundaries":"52nd St to Slauson Ave- Arlington Ave to Western Ave"},"geometry":null},{"type":"Feature","properties":{"Route No":"10P169 W","Council District":8,"Time Start":"1:00 PM","Time End":"3:00 PM","Boundaries":"52nd St to Slauson Ave-Arlington Ave to Western Ave"},"geometry":null},{"type":"Feature","properties":{"Route No":"10P170 Th","Council District":8,"Time Start":"7:30 AM","Time End":"9:30 AM","Boundaries":"52nd St to Slauson Ave-8th Ave to Cimarron"},"geometry":null},{"type":"Feature","properties":{"Route No":"10P170 W","Council District":8,"Time Start":"7:30 AM","Time End":"9:30 AM","Boundaries":"52nd St to Slauson Ave- 8th Ave to Cimarron"},"geometry":null},{"type":"Feature","properties":{"Route No":"10P171 Th","Council District":8,"Time Start":"8:00 AM","Time End":"10:00 AM","Boundaries":"Vernon Ave to 52nd St -10th Ave to Arlington Ave"},"geometry":null},{"type":"Feature","properties":{"Route No":"10P171 W","Council District":8,"Time Start":"8:00 AM","Time End":"10:00 AM","Boundaries":"Vernon Ave to 52nd St -10th Ave to Arlington Ave"},"geometry":null},{"type":"Feature","properties":{"Route No":"10P172 Th","Council District":10,"Time Start":"10:00 AM","Time End":"12:00 PM","Boundaries":"Martin L. King Blvd to Vernon Ave- 4th Ave to Crenshaw Blvd"},"geometry":null},{"type":"Feature","properties":{"Route No":"10P172 W","Council District":10,"Time Start":"10:00 AM","Time End":"12:00 PM","Boundaries":"Martin L. King Blvd to Vernon Ave-  4th Ave to Crenshaw Blvd"},"geometry":null},{"type":"Feature","properties":{"Route No":"10P173 Th","Council District":10,"Time Start":"12:00 PM","Time End":"2:00 PM","Boundaries":"Martin L. King Blvd to Vernon Ave-Western Ave to 3rd Ave"},"geometry":null},{"type":"Feature","properties":{"Route No":"10P173 W","Council District":10,"Time Start":"12:00 PM","Time End":"2:00 PM","Boundaries":"Martin L. King Blvd to Vernon Ave- Western Ave to 3rd Ave"},"geometry":null},{"type":"Feature","properties":{"Route No":"10P174 M","Council District":8,"Time Start":"8:00 AM","Time End":"10:00 AM","Boundaries":"Slauson ave to 67th st- Vermont Ave to Normandie Ave"},"geometry":null},{"type":"Feature","properties":{"Route No":"10P174 Tu","Council District":8,"Time Start":"8:00 AM","Time End":"10:00 AM","Boundaries":"Slauson ave to 67th st- Vermont Ave to Normandie Ave"},"geometry":null},{"type":"Feature","properties":{"Route No":"10P175 M","Council District":8,"Time Start":"10:00 AM","Time End":"12:00 PM","Boundaries":"Slauson ave to 67th st- Normandie to Western Ave"},"geometry":null},{"type":"Feature","properties":{"Route No":"10P175 Tu","Council District":8,"Time Start":"10:00 AM","Time End":"12:00 PM","Boundaries":"Slauson ave to 67th st- Normandie to Western Ave"},"geometry":null},{"type":"Feature","properties":{"Route No":"10P176 M","Council District":8,"Time Start":"12:30 PM","Time End":"2:30 PM","Boundaries":"Southwest Dr to 67th st-Western Ave to 8th Ave"},"geometry":null},{"type":"Feature","properties":{"Route No":"10P176 Tu","Council District":8,"Time Start":"12:30 PM","Time End":"2:30 PM","Boundaries":"Southwest Dr to 67th st-Western Ave to 8th Ave"},"geometry":null},{"type":"Feature","properties":{"Route No":"10P177 M","Council District":8,"Time Start":"8:00 AM","Time End":"10:00 AM","Boundaries":"Slauson Ave to Hyde Park Bl-Western Ave to 8th Ave"},"geometry":null},{"type":"Feature","properties":{"Route No":"10P177 Tu","Council District":8,"Time Start":"8:00 AM","Time End":"10:00 AM","Boundaries":"Slauson Ave to Hyde Park Bl-Western Ave to 8th Ave"},"geometry":null},{"type":"Feature","properties":{"Route No":"10P178 F","Council District":8,"Time Start":"9:00 AM","Time End":"11:00 AM","Boundaries":"48th St to Slauson Ave - 8th Ave to Hillcrest Dr"},"geometry":null},{"type":"Feature","properties":{"Route No":"10P178 M","Council District":8,"Time Start":"9:00 AM","Time End":"11:00 AM","Boundaries":"48th st to Slauson Ave -8th Ave to Hillcrest DR"},"geometry":null},{"type":"Feature","properties":{"Route No":"11P180 M","Council District":8,"Time Start":"10:00 AM","Time End":"12:00 PM","Boundaries":"Slauson Ave to Florence Ave- 8th Ave to West Bl"},"geometry":null},{"type":"Feature","properties":{"Route No":"11P180 Tu","Council District":8,"Time Start":"10:00 AM","Time End":"12:00 PM","Boundaries":"Slauson Ave to Florence Ave- 8th Ave to West Bl"},"geometry":null},{"type":"Feature","properties":{"Route No":"11P181 M","Council District":8,"Time Start":"12:00 PM","Time End":"2:00 PM","Boundaries":"Slauson Ave to 64th st- West Bl to Alviso Ave"},"geometry":null},{"type":"Feature","properties":{"Route No":"11P181 Tu","Council District":8,"Time Start":"12:00 PM","Time End":"2:00 PM","Boundaries":"Slauson Ave to 64th st- West Bl to Alviso Ave"},"geometry":null},{"type":"Feature","properties":{"Route No":"11P182 M","Council District":8,"Time Start":"8:00 AM","Time End":"10:00 AM","Boundaries":"Manchester Blvd to 96th St-Western Ave to Van Ness"},"geometry":null},{"type":"Feature","properties":{"Route No":"11P182 Tu","Council District":8,"Time Start":"8:00 AM","Time End":"10:00 AM","Boundaries":"Manchester Blvd to 96th St-Western Ave to Van Ness"},"geometry":null},{"type":"Feature","properties":{"Route No":"11P183 M","Council District":8,"Time Start":"10:00 AM","Time End":"12:00 PM","Boundaries":"96th St to 108th St-Western Ave to Van Ness Ave"},"geometry":null},{"type":"Feature","properties":{"Route No":"11P183 Tu","Council District":8,"Time Start":"10:00 AM","Time End":"12:00 PM","Boundaries":"96th St to 108th St-Western Ave to Van Ness Ave"},"geometry":null},{"type":"Feature","properties":{"Route No":"11P184 M","Council District":8,"Time Start":"12:00 PM","Time End":"2:00 PM","Boundaries":"92nd St to 104th St- Normandie Ave to Western Ave"},"geometry":null},{"type":"Feature","properties":{"Route No":"11P184 Tu","Council District":8,"Time Start":"12:00 PM","Time End":"2:00 PM","Boundaries":"92nd St to 104th St- Normandie Ave to Western Ave"},"geometry":null},{"type":"Feature","properties":{"Route No":"11P185 M","Council District":8,"Time Start":"1:00 PM","Time End":"3:00 PM","Boundaries":"Manchester Ave to 92nd St - Normandie Ave to Western Ave"},"geometry":null},{"type":"Feature","properties":{"Route No":"11P185 Tu","Council District":8,"Time Start":"1:00 PM","Time End":"3:00 PM","Boundaries":"Manchester Ave to 92nd St - Normandie Ave to Western Ave"},"geometry":null},{"type":"Feature","properties":{"Route No":"11P186 Th","Council District":11,"Time Start":"12:00 PM","Time End":"2:30 PM","Boundaries":"Manchester Ave to Century Blvd, Vicksburg Ave to La Cienega Bl"},"geometry":null},{"type":"Feature","properties":{"Route No":"11P186 W","Council District":11,"Time Start":"12:00 PM","Time End":"2:30 PM","Boundaries":"Manchester Ave to Century Blvd, Vicksburg Ave to La Cienega Bl"},"geometry":null},{"type":"Feature","properties":{"Route No":"11P187 M","Council District":8,"Time Start":"10:00 AM","Time End":"12:00 PM","Boundaries":"76th St to Manchester Ave - Normandie Ave to Western Ave"},"geometry":null},{"type":"Feature","properties":{"Route No":"11P187 Tu","Council District":8,"Time Start":"10:00 AM","Time End":"12:00 PM","Boundaries":"76th St to Manchester Ave - Normandie Ave to Western Ave"},"geometry":null},{"type":"Feature","properties":{"Route No":"11P188 M","Council District":8,"Time Start":"12:00 PM","Time End":"2:00 PM","Boundaries":"76th St to Manchester Ave - Western Ave to West City Limits"},"geometry":null},{"type":"Feature","properties":{"Route No":"11P188 Tu","Council District":8,"Time Start":"12:00 PM","Time End":"2:00 PM","Boundaries":"76th St to Manchester Ave - Western Ave to West City Limits"},"geometry":null},{"type":"Feature","properties":{"Route No":"11P189  M","Council District":8,"Time Start":"8:00 AM","Time End":"10:00 AM","Boundaries":"67th St to Florence Ave - Vermont Ave to Van Ness Ave"},"geometry":null},{"type":"Feature","properties":{"Route No":"11P189 Tu","Council District":8,"Time Start":"8:00 AM","Time End":"10:00 AM","Boundaries":"67th St to Florence Ave - Vermont Ave to Van Ness Ave"},"geometry":null},{"type":"Feature","properties":{"Route No":"11P190 M","Council District":8,"Time Start":"10:00 AM","Time End":"12:00 PM","Boundaries":"Florence Ave to 76th St - Vermont Ave to Van Ness Ave"},"geometry":null},{"type":"Feature","properties":{"Route No":"11P190 Tu","Council District":8,"Time Start":"10:00 AM","Time End":"12:00 PM","Boundaries":"Florence Ave to 76th St - Vermont Ave to Van Ness Ave"},"geometry":null},{"type":"Feature","properties":{"Route No":"11P191 M","Council District":8,"Time Start":"12:00 PM","Time End":"2:00 PM","Boundaries":"67th St to 79th st-Van Ness Ave to West City Limits"},"geometry":null},{"type":"Feature","properties":{"Route No":"11P191 Tu","Council District":8,"Time Start":"12:00 PM","Time End":"2:00 PM","Boundaries":"67th St to 79th st-Van Ness Ave to West City Limits"},"geometry":null},{"type":"Feature","properties":{"Route No":"11P192 Th","Council District":11,"Time Start":"10:00 AM","Time End":"12:00 PM","Boundaries":"83rd St to Westchester Pkwy- Lilienthal Ave to Sepulveda Bl"},"geometry":null},{"type":"Feature","properties":{"Route No":"11P192 W","Council District":11,"Time Start":"10:00 AM","Time End":"12:00 PM","Boundaries":"83rd St to Westchester Pkwy- Lilienthal Ave to Sepulveda Bl"},"geometry":null},{"type":"Feature","properties":{"Route No":"11P333 M","Council District":8,"Time Start":"8:00 AM","Time End":"10:00 AM","Boundaries":"76th St to Manchester Ave - Vermont Ave to Normandie Ave"},"geometry":null},{"type":"Feature","properties":{"Route No":"11P333 Tu","Council District":8,"Time Start":"8:00 AM","Time End":"10:00 AM","Boundaries":"76th St to Manchester Ave - Vermont Ave to Normandie Ave"},"geometry":null},{"type":"Feature","properties":{"Route No":"11P354 Th","Council District":11,"Time Start":"12:00 PM","Time End":"2:30 PM","Boundaries":"LA City Limits to Manitoba St -Saran Dr to Ocean Front Walk"},"geometry":null},{"type":"Feature","properties":{"Route No":"11P354 W","Council District":11,"Time Start":"12:00 PM","Time End":"2:30 PM","Boundaries":"LA City Limits to Manitoba St -Saran Dr to Ocean Front Walk"},"geometry":null},{"type":"Feature","properties":{"Route No":"12NP200","Council District":5,"Time Start":"4:00 AM","Time End":"6:30 AM","Boundaries":"Alley's north of and south of Pico Blvd- Robertson Blvd to Beverly Dr"},"geometry":null},{"type":"Feature","properties":{"Route No":"12P124 Th","Council District":11,"Time Start":"9:00 AM","Time End":"11:00 AM","Boundaries":"California Ave to Venice Blvd - Lincoln Blvd to Electric Ave"},"geometry":null},{"type":"Feature","properties":{"Route No":"12P124 W","Council District":11,"Time Start":"9:00 AM","Time End":"11:00 AM","Boundaries":"California Ave to Venice Blvd - Lincoln Blvd to Electric Ave"},"geometry":null},{"type":"Feature","properties":{"Route No":"12P125 M","Council District":11,"Time Start":"8:00 AM","Time End":"10:00 AM","Boundaries":"Santa Monica c/b to Indiana Ave-Lincoln Blvd to Main St"},"geometry":null},{"type":"Feature","properties":{"Route No":"12P125 Tu","Council District":11,"Time Start":"8:00 AM","Time End":"10:00 AM","Boundaries":"Santa Monica c/b to Indiana Ave-Lincoln Blvd to Main St"},"geometry":null},{"type":"Feature","properties":{"Route No":"12P126 Th","Council District":11,"Time Start":"10:00 AM","Time End":"12:00 PM","Boundaries":"Indiana Ave to California Ave-Lincoln Blvd to Electric Ave"},"geometry":null},{"type":"Feature","properties":{"Route No":"12P126 W","Council District":11,"Time Start":"10:00 AM","Time End":"12:00 PM","Boundaries":"Indiana Ave to California Ave-Lincoln Blvd to Electric Ave"},"geometry":null},{"type":"Feature","properties":{"Route No":"12P127 Th","Council District":11,"Time Start":"8:00 AM","Time End":"10:00 AM","Boundaries":"Victoria Ave/McCune Ave to Venice Blvd-Centinela Ave to Lincoln Blvd"},"geometry":null},{"type":"Feature","properties":{"Route No":"12P127 W","Council District":11,"Time Start":"8:00 AM","Time End":"10:00 AM","Boundaries":"Victoria Ave/McCune Ave to Venice Blvd-Centinela Ave to Lincoln Blvd"},"geometry":null},{"type":"Feature","properties":{"Route No":"12P128 M","Council District":11,"Time Start":"12:00 PM","Time End":"2:00 PM","Boundaries":"Abbott Blvd to Pacific Ave-Venice Blvd to Westminister Ave"},"geometry":null},{"type":"Feature","properties":{"Route No":"12P128 Tu","Council District":11,"Time Start":"12:00 PM","Time End":"2:00 PM","Boundaries":"Abbott Blvd to Pacific Ave-Venice Blvd to Westminister Ave"},"geometry":null},{"type":"Feature","properties":{"Route No":"12P129 Th","Council District":11,"Time Start":"10:00 AM","Time End":"12:00 PM","Boundaries":"Washington Blvd to Jefferson Blvd-Sawtelle Blvd to Alla Rd"},"geometry":null},{"type":"Feature","properties":{"Route No":"12P129 W","Council District":11,"Time Start":"10:00 AM","Time End":"12:00 PM","Boundaries":"Washington Blvd to Jefferson Blvd-Sawtelle Blvd to Alla Rd"},"geometry":null},{"type":"Feature","properties":{"Route No":"12P139 Th","Council District":11,"Time Start":"10:00 AM","Time End":"12:00 PM","Boundaries":"La Villa Marina to Lincoln Blvd=Fiji Way to Mindinao Way"},"geometry":null},{"type":"Feature","properties":{"Route No":"12P139 W","Council District":11,"Time Start":"10:00 AM","Time End":"12:00 PM","Boundaries":"La Villa Marina to Lincoln Blvd=Fiji Way to Mindinao Way"},"geometry":null},{"type":"Feature","properties":{"Route No":"12P140 Th","Council District":11,"Time Start":"10:00 AM","Time End":"12:00 PM","Boundaries":"Venice Blvd to Washington Pl-Centinela Blvd to Walgrove Ave"},"geometry":null},{"type":"Feature","properties":{"Route No":"12P140 W","Council District":11,"Time Start":"10:00 AM","Time End":"12:00 PM","Boundaries":"Venice Blvd to Washington Pl-Centinela Blvd to Walgrove Ave"},"geometry":null},{"type":"Feature","properties":{"Route No":"12P141 Th","Council District":11,"Time Start":"8:00 AM","Time End":"10:00 AM","Boundaries":"Venice Bl to Washington Pl-Walgrove Av to Abbot Kinney Bl"},"geometry":null},{"type":"Feature","properties":{"Route No":"12P141 W","Council District":11,"Time Start":"8:00 AM","Time End":"10:00 AM","Boundaries":"Venice Bl to Washington Pl-Walgrove Av to Abbot Kinney Bl"},"geometry":null},{"type":"Feature","properties":{"Route No":"12P142 M","Council District":5,"Time Start":"8:00 AM","Time End":"10:00 AM","Boundaries":"Airdrome St to Santa Monica Fwy- Motor Ave to Robertson Bl"},"geometry":null},{"type":"Feature","properties":{"Route No":"12P142 Tu","Council District":5,"Time Start":"8:00 AM","Time End":"10:00 AM","Boundaries":"Airdrome St to Santa Monica Fwy- Motor Ave to Robertson Bl"},"geometry":null},{"type":"Feature","properties":{"Route No":"12P143 M","Council District":5,"Time Start":"12:00 PM","Time End":"2:30 PM","Boundaries":"Whitworth Dr to Airdrome St-Robertson Blvd to Beverly Dr"},"geometry":null},{"type":"Feature","properties":{"Route No":"12P143 Tu","Council District":5,"Time Start":"12:00 PM","Time End":"2:30 PM","Boundaries":"Whitworth Dr to Airdrome St-Robertson Blvd to Beverly Dr"},"geometry":null},{"type":"Feature","properties":{"Route No":"12P171 Th","Council District":5,"Time Start":"8:00 AM","Time End":"10:00 AM","Boundaries":"Venice Blvd to Culver City Limit-Bledsoe Ave to Centinela Ave"},"geometry":null},{"type":"Feature","properties":{"Route No":"12P171 W","Council District":5,"Time Start":"8:00 AM","Time End":"10:00 AM","Boundaries":"Venice Blvd to Culver City Limit-Bledsoe Ave to Centinela Ave"},"geometry":null},{"type":"Feature","properties":{"Route No":"12P225 M","Council District":5,"Time Start":"10:00 AM","Time End":"12:00 PM","Boundaries":"Beverly Hills City Limits to Pico Blvd-Beverly Dr to Beverly Hills City Limits"},"geometry":null},{"type":"Feature","properties":{"Route No":"12P225 Tu","Council District":5,"Time Start":"10:00 AM","Time End":"12:00 PM","Boundaries":"Beverly Hills City Limits to Pico Blvd-Beverly Dr to Beverly Hills City Limits"},"geometry":null},{"type":"Feature","properties":{"Route No":"12P287 Th","Council District":5,"Time Start":"12:00 PM","Time End":"2:30 PM","Boundaries":"Kelton Ave to Sepulveda Blvd-Rose Ave to Venice Blvd"},"geometry":null},{"type":"Feature","properties":{"Route No":"12P287 W","Council District":5,"Time Start":"12:00 PM","Time End":"2:30 PM","Boundaries":"Kelton Ave to Sepulveda Blvd-Rose Ave to Venice Blvd"},"geometry":null},{"type":"Feature","properties":{"Route No":"12P288 Th","Council District":5,"Time Start":"8:00 AM","Time End":"10:00 AM","Boundaries":"Santa Monica Fwy to Culver City Limits-Ellis Ave to Overland Ave "},"geometry":null},{"type":"Feature","properties":{"Route No":"12P288 W","Council District":5,"Time Start":"8:00 AM","Time End":"10:00 AM","Boundaries":"Santa Monica Fwy to Culver City Limits-Ellis Ave to Overland Ave "},"geometry":null},{"type":"Feature","properties":{"Route No":"12P289 Th","Council District":5,"Time Start":"10:00 AM","Time End":"12:00 PM","Boundaries":"Hughes Ave to Kelton Ave-National Blvd to Venice Blvd"},"geometry":null},{"type":"Feature","properties":{"Route No":"12P289 W","Council District":5,"Time Start":"10:00 AM","Time End":"12:00 PM","Boundaries":"Hughes Ave to Kelton Ave-National Blvd to Venice Blvd"},"geometry":null},{"type":"Feature","properties":{"Route No":"12P290 M","Council District":5,"Time Start":"8:00 AM","Time End":"10:00 AM","Boundaries":"Exposition Blvd to Queensland St-Overland Ave to Sepulveda Blvd"},"geometry":null},{"type":"Feature","properties":{"Route No":"12P290 Tu","Council District":5,"Time Start":"8:00 AM","Time End":"10:00 AM","Boundaries":"Exposition Blvd to Queensland St-Overland Ave to Sepulveda Blvd"},"geometry":null},{"type":"Feature","properties":{"Route No":"12P348 M","Council District":5,"Time Start":"10:00 AM","Time End":"12:00 PM","Boundaries":"Pico Blvd to Cresta Dr-Canfield Ave to Peg Pl"},"geometry":null},{"type":"Feature","properties":{"Route No":"12P348 Tu","Council District":5,"Time Start":"10:00 AM","Time End":"12:00 PM","Boundaries":"Pico Blvd to Cresta Dr-Canfield Ave to Peg Pl"},"geometry":null},{"type":"Feature","properties":{"Route No":"12P349 M","Council District":5,"Time Start":"10:00 AM","Time End":"12:00 PM","Boundaries":"Pico Blvd to Richland Ave-Patricia Ave to Military Ave"},"geometry":null},{"type":"Feature","properties":{"Route No":"12P349 Tu","Council District":5,"Time Start":"10:00 AM","Time End":"12:00 PM","Boundaries":"Pico Blvd to Richland Ave-Patricia Ave to Military Ave"},"geometry":null},{"type":"Feature","properties":{"Route No":"12P350 M","Council District":11,"Time Start":"8:00 AM","Time End":"10:00 AM","Boundaries":"Pico Bl to Venice Bl- Sawtelle to Inglewood Bl-Various "},"geometry":null},{"type":"Feature","properties":{"Route No":"12P350 Tu","Council District":11,"Time Start":"8:00 AM","Time End":"10:00 AM","Boundaries":"Pico Bl to Venice Bl- Sawtelle to Inglewood Bl-Various "},"geometry":null},{"type":"Feature","properties":{"Route No":"12P351 Th","Council District":11,"Time Start":"1:00 PM","Time End":"3:00 PM","Boundaries":"Santa Monica City Limits to Palms Blvd-Penmar Ave to Lincoln Bl"},"geometry":null},{"type":"Feature","properties":{"Route No":"12P351 W","Council District":11,"Time Start":"1:00 PM","Time End":"3:00 PM","Boundaries":"Santa Monica City Limits to Palms Blvd-Penmar Ave to Lincoln Bl"},"geometry":null},{"type":"Feature","properties":{"Route No":"12P352 M","Council District":11,"Time Start":"8:30 AM","Time End":"10:30 AM","Boundaries":"N. Venice Blvd to Washington St-Abbot Kinney Blvd to Pacific Ave"},"geometry":null},{"type":"Feature","properties":{"Route No":"12P352 Tu","Council District":11,"Time Start":"8:30 AM","Time End":"10:30 AM","Boundaries":"N. Venice Blvd to Washington St-Abbot Kinney Blvd to Pacific Ave"},"geometry":null},{"type":"Feature","properties":{"Route No":"12P353 M","Council District":11,"Time Start":"11:00 AM","Time End":"1:00 PM","Boundaries":"S. Venice Blvd to Pacific Ave-Ocean Front Walk to Marine St"},"geometry":null},{"type":"Feature","properties":{"Route No":"12P353 Tu","Council District":11,"Time Start":"11:00 AM","Time End":"1:00 PM","Boundaries":"S. Venice Blvd to Pacific Ave-Ocean Front Walk to Marine St"},"geometry":null},{"type":"Feature","properties":{"Route No":"12P354 M","Council District":11,"Time Start":"10:00 AM","Time End":"12:00 PM","Boundaries":"Marine St to Venice Blvd-Lincoln Blvd to Pacific Ave"},"geometry":null},{"type":"Feature","properties":{"Route No":"12P354 Tu","Council District":11,"Time Start":"10:00 AM","Time End":"12:00 PM","Boundaries":"Marine St to Venice Blvd-Lincoln Blvd to Pacific Ave"},"geometry":null},{"type":"Feature","properties":{"Route No":"12P355 M","Council District":11,"Time Start":"10:00 AM","Time End":"12:00 PM","Boundaries":"Washington St to Via Marina-Via Mar to Ocean Front Walk"},"geometry":null},{"type":"Feature","properties":{"Route No":"12P355 Tu","Council District":11,"Time Start":"10:00 AM","Time End":"12:00 pm","Boundaries":"Washington St to Via Marina-Via Mar to Ocean Front Walk"},"geometry":null},{"type":"Feature","properties":{"Route No":"12P356 M","Council District":11,"Time Start":"7:30 AM","Time End":"9:30 AM","Boundaries":"N. Venice Blvd to Washington St-Abbot Kinney Blvd to Speedway"},"geometry":null},{"type":"Feature","properties":{"Route No":"12P356 Tu","Council District":11,"Time Start":"7:30 AM","Time End":"9:30 AM","Boundaries":"N. Venice Blvd to Washington St-Abbot Kinney Blvd to Speedway"},"geometry":null},{"type":"Feature","properties":{"Route No":"12P401 M","Council District":11,"Time Start":"8:00 AM","Time End":"11:30 AM","Boundaries":"Pico Bl to National Bl- San Diego Fwy to Bundy"},"geometry":null},{"type":"Feature","properties":{"Route No":"12P401 Tu","Council District":11,"Time Start":"8:00 AM","Time End":"11:30 AM","Boundaries":"Pico Bl to National Bl- San Diego Fwy to Bundy"},"geometry":null},{"type":"Feature","properties":{"Route No":"13P115 F","Council District":11,"Time Start":"12:00 PM","Time End":"3:00 PM","Boundaries":"Exposition bl.- pico bl. To wilshire bl.to nebraska/barrington av. To carmelina- bundy dr. to centinela"},"geometry":null},{"type":"Feature","properties":{"Route No":"13P115 Th","Council District":11,"Time Start":"12:00 PM","Time End":"3:00 PM","Boundaries":"Exposition bl.- pico bl. To wilshire bl.to nebraska/barrington av. To carmelina- bundy dr. to centinela"},"geometry":null},{"type":"Feature","properties":{"Route No":"13P116 F","Council District":11,"Time Start":"10:00 AM","Time End":"12:00 PM","Boundaries":"WILSHIRE BL. TO IOWA AV./ SAN DIEG FRWY TO BUNDY DR."},"geometry":null},{"type":"Feature","properties":{"Route No":"13P116 Th","Council District":11,"Time Start":"10:00 AM","Time End":"12:00 PM","Boundaries":"WILSHIRE BL. TO IOWA AV./ SAN DIEG FRWY TO BUNDY DR."},"geometry":null},{"type":"Feature","properties":{"Route No":"13P117 F","Council District":11,"Time Start":"8:00 AM","Time End":"10:00 AM","Boundaries":"SANTA MONICA BL. TO OLYMPIC BL. / SAN DIEGO FRWY. TO FEDERAL AV."},"geometry":null},{"type":"Feature","properties":{"Route No":"13P117 Th","Council District":11,"Time Start":"8:00 AM","Time End":"10:00 AM","Boundaries":"SANTA MONICA BL. TO OLYMPIC BL. / SAN DIEGO FRWY. TO FEDERAL AV."},"geometry":null},{"type":"Feature","properties":{"Route No":"13P118 F","Council District":11,"Time Start":"12:00 PM","Time End":"3:00 PM","Boundaries":"SANTA MONICA BL. TO OLYMPIC BL. / FEDERAL AV. TO BUNDY DR."},"geometry":null},{"type":"Feature","properties":{"Route No":"13P118 Th","Council District":11,"Time Start":"12:00 PM","Time End":"3:00 PM","Boundaries":"SANTA MONICA BL. TO OLYMPIC BL. / FEDERAL AV. TO BUNDY DR."},"geometry":null},{"type":"Feature","properties":{"Route No":"13P133 F","Council District":11,"Time Start":"9:00 AM","Time End":"12:00 PM","Boundaries":"SAN VICENTE BL. TO WILSHIRE BL. / SAN VICENTE BL. TO BUNDY DR."},"geometry":null},{"type":"Feature","properties":{"Route No":"13P133 Th","Council District":11,"Time Start":"9:00 AM","Time End":"12:00 PM","Boundaries":"SAN VICENTE BL. TO WILSHIRE BL. / SAN VICENTE BL. TO BUNDY DR."},"geometry":null},{"type":"Feature","properties":{"Route No":"13P282 F","Council District":11,"Time Start":"8:00 AM","Time End":"10:00 AM","Boundaries":"SUNSET BL. TO SAN VICENTE AV. / BRINGHAM AV. TO WESTGATE AV."},"geometry":null},{"type":"Feature","properties":{"Route No":"13P282 Th","Council District":11,"Time Start":"8:00 AM","Time End":"10:00 AM","Boundaries":"SUNSET BL. TO SAN VICENTE AV. / BRINGHAM AV. TO WESTGATE AV."},"geometry":null},{"type":"Feature","properties":{"Route No":"13P286 F","Council District":11,"Time Start":"9:00 AM","Time End":"12:00 PM","Boundaries":"MONTANA AV. TO WILSHIRE BL. / BUNDY DR. TO CARMELINA AV."},"geometry":null},{"type":"Feature","properties":{"Route No":"13P286 Th","Council District":11,"Time Start":"9:00 AM","Time End":"12:00 PM","Boundaries":"MONTANA AV. TO WILSHIRE BL. / BUNDY DR. TO CARMELINA AV."},"geometry":null},{"type":"Feature","properties":{"Route No":"14P101 F","Council District":5,"Time Start":"8:00 AM","Time End":"11:00 AM","Boundaries":"Sunset Bl. to LeConte Av. / Hilgard Av. to Sepulveda Bl."},"geometry":null},{"type":"Feature","properties":{"Route No":"14P101 Th","Council District":5,"Time Start":"8:00 AM","Time End":"11:00 AM","Boundaries":"Sunset Bl. to LeConte Av. / Hilgard Av. to Sepulveda Bl."},"geometry":null},{"type":"Feature","properties":{"Route No":"14P198 M","Council District":5,"Time Start":"8:00 AM","Time End":"10:00 AM","Boundaries":"Lindbrook Dr. to Santa Monica Bl. / Selby Av. to Westwood Bl."},"geometry":null},{"type":"Feature","properties":{"Route No":"14P198 Tu","Council District":5,"Time Start":"8:00 AM","Time End":"10:00 AM","Boundaries":"Lindbrook Dr. to Santa Monica Bl. / Selby Av. to Westwood Bl."},"geometry":null},{"type":"Feature","properties":{"Route No":"14P199 F","Council District":5,"Time Start":"10:00 AM","Time End":"1:00 PM","Boundaries":"Santa Monica Bl. to Olympic Bl. / Westwood Bl. to Sepulveda Bl."},"geometry":null},{"type":"Feature","properties":{"Route No":"14P199 Th","Council District":5,"Time Start":"10:00 AM","Time End":"1:00 PM","Boundaries":"Santa Monica Bl. to Olympic Bl. / Westwood Bl. to Sepulveda Bl."},"geometry":null},{"type":"Feature","properties":{"Route No":"14P200 F","Council District":5,"Time Start":"10:00 AM","Time End":"1:00 PM","Boundaries":"Santa Monica Bl. to Olympic Bl. / Parnell Av. to Westwood Bl."},"geometry":null},{"type":"Feature","properties":{"Route No":"14P200 Th","Council District":5,"Time Start":"10:00 AM","Time End":"1:00 PM","Boundaries":"Santa Monica Bl. to Olympic Bl. / Parnell Av. to Westwood Bl."},"geometry":null},{"type":"Feature","properties":{"Route No":"14P201 F","Council District":5,"Time Start":"8:00 AM","Time End":"11:00 AM","Boundaries":"Olympic Bl. to Pico Bl. / Fox Hills Dr. to Sepulveda Bl."},"geometry":null},{"type":"Feature","properties":{"Route No":"14P201 Th","Council District":5,"Time Start":"8:00 AM","Time End":"11:00 AM","Boundaries":"Olympic Bl. to Pico Bl. / Fox Hills Dr. to Sepulveda Bl."},"geometry":null},{"type":"Feature","properties":{"Route No":"14P202 F","Council District":5,"Time Start":"8:00 AM","Time End":"11:00 AM","Boundaries":"Westwood Bl. to Cotner Av. / Santa Monica Bl. to Wilshire Bl."},"geometry":null},{"type":"Feature","properties":{"Route No":"14P202 Th","Council District":5,"Time Start":"8:00 AM","Time End":"11:00 AM","Boundaries":"Westwood Bl. to Cotner Av. / Santa Monica Bl. to Wilshire Bl."},"geometry":null},{"type":"Feature","properties":{"Route No":"14P203 F","Council District":5,"Time Start":"8:00 AM","Time End":"11:00 AM","Boundaries":"Santa Monica Bl. to Olympic Bl. / Fox Hills Dr. to Parnell Av."},"geometry":null},{"type":"Feature","properties":{"Route No":"14P203 Th","Council District":5,"Time Start":"8:00 AM","Time End":"11:00 AM","Boundaries":"Santa Monica Bl. to Olympic Bl. / Fox Hills Dr. to Parnell Av."},"geometry":null},{"type":"Feature","properties":{"Route No":"14P283 F","Council District":5,"Time Start":"12:00 PM","Time End":"3:00 PM","Boundaries":"Lindbrook Dr. to Rochester Av. / Club View Dr. to Selby Av."},"geometry":null},{"type":"Feature","properties":{"Route No":"14P283 Th","Council District":5,"Time Start":"12:00 PM","Time End":"3:00 PM","Boundaries":"Lindbrook Dr. to Rochester Av. / Club View Dr. to Selby Av."},"geometry":null},{"type":"Feature","properties":{"Route No":"14P357 F","Council District":5,"Time Start":"12:00 PM","Time End":"3:00 PM","Boundaries":"Rochester Av. to Santa Monica Bl. / Comstock Av. to Manning Av."},"geometry":null},{"type":"Feature","properties":{"Route No":"14P357 Th","Council District":5,"Time Start":"12:00 PM","Time End":"3:00 PM","Boundaries":"Rochester Av. to Santa Monica Bl. / Comstock Av. to Manning Av."},"geometry":null},{"type":"Feature","properties":{"Route No":"15P191 F","Council District":5,"Time Start":"8:00 AM","Time End":"10:00 AM","Boundaries":"VENTURA BL. TO VALLEY VISTA BL. / SAN DIEGO FRWY TO BALBOA BL."},"geometry":null},{"type":"Feature","properties":{"Route No":"15P191 M","Council District":5,"Time Start":"8:00 AM","Time End":"10:00 AM","Boundaries":"VENTURA BL. TO VALLEY VISTA BL. / SAN DIEGO FRWY TO BALBOA BL."},"geometry":null},{"type":"Feature","properties":{"Route No":"15P194 F","Council District":3,"Time Start":"10:00 AM","Time End":"12:00 PM","Boundaries":"BURBANK BL. TO RANCHO ST. / BALBOA BL. TO YOLANDA AV."},"geometry":null},{"type":"Feature","properties":{"Route No":"15P194 M","Council District":5,"Time Start":"10:00 AM","Time End":"12:00 PM","Boundaries":"BURBANK BL. TO RANCHO ST. / BALBOA BL. TO YOLANDA AV."},"geometry":null},{"type":"Feature","properties":{"Route No":"15P298 F","Council District":3,"Time Start":"12:00 PM","Time End":"2:00 PM","Boundaries":"VENTURA BL. TO WELLS DR. / CANOGA AV. TO PENFIELD AV."},"geometry":null},{"type":"Feature","properties":{"Route No":"15P298 M","Council District":3,"Time Start":"12:00 PM","Time End":"2:00 PM","Boundaries":"VENTURA BL. TO WELLS DR. / CANOGA AV. TO PENFIELD AV."},"geometry":null},{"type":"Feature","properties":{"Route No":"15P299 M","Council District":3,"Time Start":"12:00 PM","Time End":"2:00 PM","Boundaries":"VENTURA BL. TO AVE. SAN LUIS / ABBEYVILLE AV. TO DON PIO DR."},"geometry":null},{"type":"Feature","properties":{"Route No":"15P299 Tu","Council District":3,"Time Start":"12:00 PM","Time End":"2:00 PM","Boundaries":"VENTURA BL. TO AVE. SAN LUIS / ABBEYVILLE AV. TO DON PIO DR."},"geometry":null},{"type":"Feature","properties":{"Route No":"4P108 M","Council District":13,"Time Start":"8:00 AM","Time End":"11:00 AM","Boundaries":"Hoover st to Shatto Pl- 1st to 6th st"},"geometry":null},{"type":"Feature","properties":{"Route No":"16P194 F","Council District":4,"Time Start":"10:00 AM","Time End":"12:00 PM","Boundaries":"Ventura Bl. to Valley Vista St. / Van Nuys Bl. to Sepulveda Bl."},"geometry":null},{"type":"Feature","properties":{"Route No":"16P194 Th","Council District":4,"Time Start":"10:00 AM","Time End":"12:00 PM","Boundaries":"Ventura Bl. to Valley Vista St. / Van Nuys Bl. to Sepulveda Bl."},"geometry":null},{"type":"Feature","properties":{"Route No":"16P195 F","Council District":4,"Time Start":"8:00 AM","Time End":"10:00 AM","Boundaries":"Ventura Fwy to Ventura Bl. / Van Nuys Bl. to Sepulveda Bl."},"geometry":null},{"type":"Feature","properties":{"Route No":"16P195 Th","Council District":4,"Time Start":"8:00 AM","Time End":"10:00 AM","Boundaries":"Ventura Fwy to Ventura Bl. / Van Nuys Bl. to Sepulveda Bl."},"geometry":null},{"type":"Feature","properties":{"Route No":"16P196 M","Council District":4,"Time Start":"8:00 AM","Time End":"10:00 AM","Boundaries":"Ventura Bl. to Milaca Pl. / Woodman Av. to Van Nuys Bl."},"geometry":null},{"type":"Feature","properties":{"Route No":"16P196 Tu","Council District":4,"Time Start":"8:00 AM","Time End":"10:00 AM","Boundaries":"Ventura Bl. to Milaca Pl. / Woodman Av. to Van Nuys Bl."},"geometry":null},{"type":"Feature","properties":{"Route No":"16P197 F","Council District":4,"Time Start":"8:00 AM","Time End":"10:00 AM","Boundaries":"Ventura Fwy to Valley Vista Bl. / Coldwater Cyn. Av. to Woodman Av."},"geometry":null},{"type":"Feature","properties":{"Route No":"16P197 Th","Council District":4,"Time Start":"8:00 AM","Time End":"10:00 AM","Boundaries":"Ventura Fwy to Valley Vista Bl. / Coldwater Cyn. Av. to Woodman Av."},"geometry":null},{"type":"Feature","properties":{"Route No":"16P198 M","Council District":"2/4","Time Start":"8:00 AM","Time End":"10:00 AM","Boundaries":"Ventura Fwy. To Maxwellton Rd. / Radford Av. to Coldwater Cyn Av."},"geometry":null},{"type":"Feature","properties":{"Route No":"16P198 Tu","Council District":"2/4","Time Start":"8:00 AM","Time End":"10:00 AM","Boundaries":"Ventura Fwy. To Maxwellton Rd. / Radford Av. to Coldwater Cyn Av."},"geometry":null},{"type":"Feature","properties":{"Route No":"16P297 F","Council District":"2/4","Time Start":"8:00 AM","Time End":"10:00 AM","Boundaries":"Ventura Fwy to Ventura Bl. / Burbank City limits to Vineland Av."},"geometry":null},{"type":"Feature","properties":{"Route No":"16P297 Th","Council District":"2/4","Time Start":"8:00 AM","Time End":"10:00 AM","Boundaries":"Ventura Fwy to Ventura Bl. / Burbank City limits to Vineland Av."},"geometry":null},{"type":"Feature","properties":{"Route No":"16P358 F","Council District":"2/4","Time Start":"10:00 AM","Time End":"12:00 PM","Boundaries":"Aqua Vista St.to Regal Pl. / Hollywood Way to Tujunga Av."},"geometry":null},{"type":"Feature","properties":{"Route No":"16P358 Th","Council District":"2/4","Time Start":"10:00 AM","Time End":"12:00 PM","Boundaries":"Aqua Vista St.to Regal Pl. / Hollywood Way to Tujunga Av."},"geometry":null},{"type":"Feature","properties":{"Route No":"17NP100","Council District":6,"Time Start":"4:00 AM","Time End":"6:30 AM","Boundaries":"Laurel Cyn. Bl. / Saticoy St to Runnymede St."},"geometry":null},{"type":"Feature","properties":{"Route No":"17P192 Th","Council District":2,"Time Start":"10:00 AM","Time End":"12:00 PM","Boundaries":"Sherman Way to Victory Bl. / Clybourn Av. to Lankershim Bl."},"geometry":null},{"type":"Feature","properties":{"Route No":"17P192 W","Council District":2,"Time Start":"10:00 AM","Time End":"12:00 PM","Boundaries":"Sherman Way to Victory Bl. / Clybourn Av. to Lankershim Bl."},"geometry":null},{"type":"Feature","properties":{"Route No":"17P193 Th","Council District":"2/4","Time Start":"12:00 PM","Time End":"2:00 PM","Boundaries":"Sherman Way to Chandler Bl. / Rhodes Av. to Fulton Av."},"geometry":null},{"type":"Feature","properties":{"Route No":"17P193 W","Council District":"2/4","Time Start":"12:00 PM","Time End":"2:00 PM","Boundaries":"Sherman Way to Chandler Bl. / Rhodes Av. to Fulton Av."},"geometry":null},{"type":"Feature","properties":{"Route No":"17P290 F","Council District":"2/4","Time Start":"8:00 AM","Time End":"10:00 AM","Boundaries":"Chandler Bl. to Ventura Bl. / Ledge Av. to Vineland Av."},"geometry":null},{"type":"Feature","properties":{"Route No":"17P290 Th","Council District":"2/4","Time Start":"8:00 AM","Time End":"10:00 AM","Boundaries":"Chandler Bl. to Ventura Bl. / Ledge Av. to Vineland Av."},"geometry":null},{"type":"Feature","properties":{"Route No":"17P291 Th","Council District":"2/4/6","Time Start":"8:00 AM","Time End":"10:00 AM","Boundaries":"5 Fwy to Sherman Way / Hollywood Way to Lankershim Bl."},"geometry":null},{"type":"Feature","properties":{"Route No":"17P291 W","Council District":"2/4/6","Time Start":"8:00 AM","Time End":"10:00 AM","Boundaries":"5 Fwy to Sherman Way / Hollywood Way to Lankershim Bl."},"geometry":null},{"type":"Feature","properties":{"Route No":"17P292 Th","Council District":2,"Time Start":"12:00 PM","Time End":"2:00 PM","Boundaries":"Sherman Way to Chandler Bl. / Hazelhurst Pl. to Laurel Grove Av."},"geometry":null},{"type":"Feature","properties":{"Route No":"17P292 W","Council District":2,"Time Start":"12:00 PM","Time End":"2:00 PM","Boundaries":"Sherman Way to Chandler Bl. / Hazelhurst Pl. to Laurel Grove Av."},"geometry":null},{"type":"Feature","properties":{"Route No":"17P293 Th","Council District":2,"Time Start":"8:00 AM","Time End":"10:00 AM","Boundaries":"Erwin St. to Chandler Bl. / Cahuenga Bl. to Lankershim Bl."},"geometry":null},{"type":"Feature","properties":{"Route No":"17P293 W","Council District":2,"Time Start":"8:00 AM","Time End":"10:00 AM","Boundaries":"Erwin St. to Chandler Bl. / Cahuenga Bl. to Lankershim Bl."},"geometry":null},{"type":"Feature","properties":{"Route No":"17P294A F","Council District":2,"Time Start":"10:00 AM","Time End":"12:00 PM","Boundaries":"Magnolia Bl. to Riverside Dr. / Lankershim Bl. to 170 Fwy"},"geometry":null},{"type":"Feature","properties":{"Route No":"17P294A Th","Council District":2,"Time Start":"10:00 AM","Time End":"12:00 PM","Boundaries":"Magnolia Bl. to Riverside Dr. / Lankershim Bl. to 170 Fwy"},"geometry":null},{"type":"Feature","properties":{"Route No":"17P294B F","Council District":2,"Time Start":"10:00 AM","Time End":"12:00 PM","Boundaries":"Chandler Bl. to Riverside Dr. / Lankershim Bl. to Colfax Av."},"geometry":null},{"type":"Feature","properties":{"Route No":"17P294B Th","Council District":2,"Time Start":"10:00 AM","Time End":"12:00 PM","Boundaries":"Chandler Bl. to Riverside Dr. / Lankershim Bl. to Colfax Av."},"geometry":null},{"type":"Feature","properties":{"Route No":"17P295 F","Council District":2,"Time Start":"12:00 PM","Time End":"2:00 PM","Boundaries":"Burbank Bl. to Ventura Fwy / Colfax Av. to Whitsett Av."},"geometry":null},{"type":"Feature","properties":{"Route No":"17P295 Th","Council District":2,"Time Start":"12:00 PM","Time End":"2:00 PM","Boundaries":"Burbank Bl. to Ventura Fwy / Colfax Av. to Whitsett Av."},"geometry":null},{"type":"Feature","properties":{"Route No":"17P305 Th","Council District":"2/6","Time Start":"10:00 AM","Time End":"12:00 PM","Boundaries":"San Fernando Rd. to Sherman Way / Lankershim Bl. to Whitsett Av."},"geometry":null},{"type":"Feature","properties":{"Route No":"17P305 W","Council District":"2/6","Time Start":"10:00 AM","Time End":"12:00 PM","Boundaries":"San Fernando Rd. to Sherman Way / Lankershim Bl. to Whitsett Av."},"geometry":null},{"type":"Feature","properties":{"Route No":"17P306 Th","Council District":2,"Time Start":"8:00 AM","Time End":"10:00 AM","Boundaries":"Oxnard St. to Chandler Bl. / Colfax Av. to Laurel Cyn. Bl."},"geometry":null},{"type":"Feature","properties":{"Route No":"17P306 W","Council District":2,"Time Start":"8:00 AM","Time End":"10:00 AM","Boundaries":"Oxnard St. to Chandler Bl. / Colfax Av. to Laurel Cyn. Bl."},"geometry":null},{"type":"Feature","properties":{"Route No":"17P307 Th","Council District":2,"Time Start":"10:00 AM","Time End":"12:00 PM","Boundaries":"Oxnard St. to Burbank Bl. / Lankershim Bl. to Colfax Av."},"geometry":null},{"type":"Feature","properties":{"Route No":"17P307 W","Council District":2,"Time Start":"10:00 AM","Time End":"12:00 PM","Boundaries":"Oxnard St. to Burbank Bl. / Lankershim Bl. to Colfax Av."},"geometry":null},{"type":"Feature","properties":{"Route No":"17P401 Th","Council District":6,"Time Start":"12:00 PM","Time End":"2:00 PM","Boundaries":"Strathern St. to Saticoy St. / Vineland Av. to Tujunga Av."},"geometry":null},{"type":"Feature","properties":{"Route No":"17P401 W","Council District":6,"Time Start":"12:00 PM","Time End":"2:00 PM","Boundaries":"Strathern St. to Saticoy St. / Vineland Av. to Tujunga Av."},"geometry":null},{"type":"Feature","properties":{"Route No":"17P402 Th","Council District":6,"Time Start":"10:00 AM","Time End":"12:00 PM","Boundaries":"San Fernando Rd. to Saticoy St. / Tujunga Av. to Lankershim Bl."},"geometry":null},{"type":"Feature","properties":{"Route No":"17P402 W","Council District":6,"Time Start":"10:00 AM","Time End":"12:00 PM","Boundaries":"San Fernando Rd. to Saticoy St. / Tujunga Av. to Lankershim Bl."},"geometry":null},{"type":"Feature","properties":{"Route No":"17P403 Th","Council District":6,"Time Start":"8:00 AM","Time End":"10:00 AM","Boundaries":"Strathern St. to Saticoy St / Lankershim Bl. to Laurel Cyn. Bl."},"geometry":null},{"type":"Feature","properties":{"Route No":"17P403 W","Council District":6,"Time Start":"8:00 AM","Time End":"10:00 AM","Boundaries":"Strathern St. to Saticoy St / Lankershim Bl. to Laurel Cyn. Bl."},"geometry":null},{"type":"Feature","properties":{"Route No":"17P404 Th","Council District":2,"Time Start":"12:00 PM","Time End":"2:00 PM","Boundaries":"Saticoy St. to Sherman Way / Vineland Av. to Tujunga AV."},"geometry":null},{"type":"Feature","properties":{"Route No":"17P404 W","Council District":2,"Time Start":"12:00 PM","Time End":"2:00 PM","Boundaries":"Saticoy St. to Sherman Way / Vineland Av. to Tujunga AV."},"geometry":null},{"type":"Feature","properties":{"Route No":"17P405 Th","Council District":2,"Time Start":"10:00 AM","Time End":"12:00 PM","Boundaries":"Saticoy St. to Sherman Way /Tujunga Av. to Lankershim Bl."},"geometry":null},{"type":"Feature","properties":{"Route No":"17P405 W","Council District":2,"Time Start":"10:00 AM","Time End":"12:00 PM","Boundaries":"Saticoy St. to Sherman Way /Tujunga Av. to Lankershim Bl."},"geometry":null},{"type":"Feature","properties":{"Route No":"17P406 Th","Council District":2,"Time Start":"8:00 AM","Time End":"10:00 AM","Boundaries":"Saticoy St. to Sherman Way / Lankershim Bl. to Laurel Cyn. Bl."},"geometry":null},{"type":"Feature","properties":{"Route No":"17P406 W","Council District":2,"Time Start":"8:00 AM","Time End":"10:00 AM","Boundaries":"Saticoy St. to Sherman Way / Lankershim Bl. to Laurel Cyn. Bl."},"geometry":null},{"type":"Feature","properties":{"Route No":"17P407 Th","Council District":2,"Time Start":"12:00 PM","Time End":"2:00 PM","Boundaries":"Sherman Way to Kittridge St. / Fair Av. to Laurel Cny. Bl."},"geometry":null},{"type":"Feature","properties":{"Route No":"17P407 W","Council District":2,"Time Start":"12:00 PM","Time End":"2:00 PM","Boundaries":"Sherman Way to Kittridge St. / Fair Av. to Laurel Cny. Bl."},"geometry":null},{"type":"Feature","properties":{"Route No":"18P300 Th","Council District":6,"Time Start":"10:00 AM","Time End":"12:00 PM","Boundaries":"San Fernando Rd. to Beachy Av. / Brandford St. to Sheldon St."},"geometry":null},{"type":"Feature","properties":{"Route No":"18P300 W","Council District":6,"Time Start":"10:00 AM","Time End":"12:00 PM","Boundaries":"San Fernando Rd. to Beachy Av. / Brandford St. to Sheldon St."},"geometry":null},{"type":"Feature","properties":{"Route No":"18P404 Th","Council District":7,"Time Start":"8:00 AM","Time End":"10:00 AM","Boundaries":"City Line to Foothill Bl. / Little Tujunga Rd. to Van Nuys Bl."},"geometry":null},{"type":"Feature","properties":{"Route No":"18P404 W","Council District":7,"Time Start":"8:00 AM","Time End":"10:00 AM","Boundaries":"City Line to Foothill Bl. / Little Tujunga Rd. to Van Nuys Bl."},"geometry":null},{"type":"Feature","properties":{"Route No":"18P406 Th","Council District":"2/6","Time Start":"10:00 AM","Time End":"12:00 PM","Boundaries":"Glenoaks Bl. to San Fernando Rd. / Ledge Av. to Tuxford St."},"geometry":null},{"type":"Feature","properties":{"Route No":"18P406 W","Council District":"2/6","Time Start":"10:00 AM","Time End":"12:00 PM","Boundaries":"Glenoaks Bl. to San Fernando Rd. / Ledge Av. to Tuxford St."},"geometry":null},{"type":"Feature","properties":{"Route No":"18P407 Th","Council District":7,"Time Start":"8:00 AM","Time End":"10:00 AM","Boundaries":"Plainview Av. to Mount Gleason Av. / Ellenbogen St. to Summitrose St."},"geometry":null},{"type":"Feature","properties":{"Route No":"18P407 W","Council District":7,"Time Start":"8:00 AM","Time End":"10:00 AM","Boundaries":"Plainview Av. to Mount Gleason Av. / Ellenbogen St. to Summitrose St."},"geometry":null},{"type":"Feature","properties":{"Route No":"18P408 Th","Council District":7,"Time Start":"10:00 AM","Time End":"12:00 PM","Boundaries":"Mount Gleason Av. to Woodward Av. / Ellenbogen St. Foothill Bl."},"geometry":null},{"type":"Feature","properties":{"Route No":"18P408 W","Council District":7,"Time Start":"10:00 AM","Time End":"12:00 PM","Boundaries":"Mount Gleason Av. to Woodward Av. / Ellenbogen St. Foothill Bl."},"geometry":null},{"type":"Feature","properties":{"Route No":"18P409 Th","Council District":7,"Time Start":"12:00 PM","Time End":"2:00 PM","Boundaries":"Woodward Av. to McVine Av. / Ellenbogen St. to Foothill Bl."},"geometry":null},{"type":"Feature","properties":{"Route No":"18P409 W","Council District":7,"Time Start":"12:00 PM","Time End":"2:00 PM","Boundaries":"Woodward Av. to McVine Av. / Ellenbogen St. to Foothill Bl."},"geometry":null},{"type":"Feature","properties":{"Route No":"19NP300","Council District":7,"Time Start":"4:00 AM","Time End":"6:30 AM","Boundaries":"Eldridge St. / Hubbard St. to Harding St."},"geometry":null},{"type":"Feature","properties":{"Route No":"19P362 M","Council District":7,"Time Start":"12:00 PM","Time End":"2:00 PM","Boundaries":"San Fernando Mission Bl. to Paxton St. / 5 Fwy to Columbus Av."},"geometry":null},{"type":"Feature","properties":{"Route No":"19P362 Tu","Council District":7,"Time Start":"12:00 PM","Time End":"2:00 PM","Boundaries":"San Fernando Mission Bl. to Paxton St. / 5 Fwy to Columbus Av."},"geometry":null},{"type":"Feature","properties":{"Route No":"19P363 Th","Council District":7,"Time Start":"8:00 AM","Time End":"10:00 AM","Boundaries":"Bledsoe St. to Osbourne St. / Laurel Cyn Bl. to Foothill Bl."},"geometry":null},{"type":"Feature","properties":{"Route No":"19P363 W","Council District":7,"Time Start":"8:00 AM","Time End":"10:00 AM","Boundaries":"Bledsoe St. to Osbourne St. / Laurel Cyn Bl. to Foothill Bl."},"geometry":null},{"type":"Feature","properties":{"Route No":"19P400 Th","Council District":7,"Time Start":"8:00 AM","Time End":"10:00 AM","Boundaries":"Astoria St. to Rinaldi St. / San Fernando Rd. 405 Fwy"},"geometry":null},{"type":"Feature","properties":{"Route No":"19P400 W","Council District":7,"Time Start":"8:00 AM","Time End":"10:00 AM","Boundaries":"Astoria St. to Rinaldi St. / San Fernando Rd. 405 Fwy"},"geometry":null},{"type":"Feature","properties":{"Route No":"19P402 Th","Council District":7,"Time Start":"10:00 AM","Time End":"12:00 PM","Boundaries":"Roxford St. to Oro Grande / San Fernando Rd. to Encinitas Av."},"geometry":null},{"type":"Feature","properties":{"Route No":"19P402 W","Council District":7,"Time Start":"10:00 AM","Time End":"12:00 PM","Boundaries":"Roxford St. to Oro Grande / San Fernando Rd. to Encinitas Av."},"geometry":null},{"type":"Feature","properties":{"Route No":"19P406 Th","Council District":7,"Time Start":"8:00 AM","Time End":"10:00 AM","Boundaries":"Dronfield Av. Glenoaks Bl. / Hubbard St. to Tyler St."},"geometry":null},{"type":"Feature","properties":{"Route No":"19P406 W","Council District":7,"Time Start":"8:00 AM","Time End":"10:00 AM","Boundaries":"Dronfield Av. Glenoaks Bl. / Hubbard St. to Tyler St."},"geometry":null},{"type":"Feature","properties":{"Route No":"19P408 Th","Council District":7,"Time Start":"10:00 AM","Time End":"12:00 PM","Boundaries":"Hubbard St. to Pacoima Wash / Eldridge Av. to City Line"},"geometry":null},{"type":"Feature","properties":{"Route No":"19P408 W","Council District":7,"Time Start":"10:00 AM","Time End":"12:00 PM","Boundaries":"Hubbard St. to Pacoima Wash / Eldridge Av. to City Line"},"geometry":null},{"type":"Feature","properties":{"Route No":"19P410 M","Council District":6,"Time Start":"12:00 PM","Time End":"2:00 PM","Boundaries":"Terra Bella St. to Osborne St. / 5 Fwy. To Woodman Av."},"geometry":null},{"type":"Feature","properties":{"Route No":"19P410 Tu","Council District":6,"Time Start":"12:00 PM","Time End":"2:00 PM","Boundaries":"Terra Bella St. to Osborne St. / 5 Fwy. To Woodman Av."},"geometry":null},{"type":"Feature","properties":{"Route No":"19P412 M","Council District":6,"Time Start":"10:00 AM","Time End":"12:00 PM","Boundaries":"5 Fwy. To Woodman Av. / Terra Bella St. to Filmore St."},"geometry":null},{"type":"Feature","properties":{"Route No":"19P412 Tu","Council District":6,"Time Start":"10:00 AM","Time End":"12:00 PM","Boundaries":"5 Fwy. To Woodman Av. / Terra Bella St. to Filmore St."},"geometry":null},{"type":"Feature","properties":{"Route No":"19P418 M","Council District":5,"Time Start":"8:00 AM","Time End":"10:00 AM","Boundaries":"San Fernando Rd. to 5 Fwy. / Van Nuys Bl. Paxton St."},"geometry":null},{"type":"Feature","properties":{"Route No":"19P418 Tu","Council District":5,"Time Start":"8:00 AM","Time End":"10:00 AM","Boundaries":"San Fernando Rd. to 5 Fwy. / Van Nuys Bl. Paxton St."},"geometry":null},{"type":"Feature","properties":{"Route No":"19P420 M","Council District":7,"Time Start":"8:00 AM","Time End":"10:00 AM","Boundaries":"Fox St. to 118 Fwy / San Fernando Rd. to 5 Fwy."},"geometry":null},{"type":"Feature","properties":{"Route No":"19P420 Tu","Council District":7,"Time Start":"8:00 AM","Time End":"10:00 AM","Boundaries":"Fox St. to 118 Fwy / San Fernando Rd. to 5 Fwy."},"geometry":null},{"type":"Feature","properties":{"Route No":"19P422 M","Council District":7,"Time Start":"10:00 AM","Time End":"12:00 PM","Boundaries":"Brand Bl. to Chamberlain St. / O'Melveny Av. to 5 Fwy"},"geometry":null},{"type":"Feature","properties":{"Route No":"19P422 Tu","Council District":7,"Time Start":"10:00 AM","Time End":"12:00 PM","Boundaries":"Brand Bl. to Chamberlain St. / O'Melveny Av. to 5 Fwy"},"geometry":null},{"type":"Feature","properties":{"Route No":"19P424 Th","Council District":7,"Time Start":"12:00 PM","Time End":"2:00 PM","Boundaries":"Van Nuys Bl. to Osborne St. / Foothill Bl. to San Fernando Rd."},"geometry":null},{"type":"Feature","properties":{"Route No":"19P424 W","Council District":7,"Time Start":"12:00 PM","Time End":"2:00 PM","Boundaries":"Van Nuys Bl. to Osborne St. / Foothill Bl. to San Fernando Rd."},"geometry":null},{"type":"Feature","properties":{"Route No":"19P426 Th","Council District":7,"Time Start":"10:00 AM","Time End":"12:00 PM","Boundaries":"118 Fwy to Van Nuys Bl. / Foothill Bl. to San Fernando Rd."},"geometry":null},{"type":"Feature","properties":{"Route No":"19P426 W","Council District":7,"Time Start":"10:00 AM","Time End":"12:00 PM","Boundaries":"118 Fwy to Van Nuys Bl. / Foothill Bl. to San Fernando Rd."},"geometry":null},{"type":"Feature","properties":{"Route No":"19P428 Th","Council District":7,"Time Start":"8:00 AM","Time End":"10:00 AM","Boundaries":"LA city line to Paxton St. / Foothill Bl. to San Fernando Rd."},"geometry":null},{"type":"Feature","properties":{"Route No":"19P428 W","Council District":7,"Time Start":"8:00 AM","Time End":"10:00 AM","Boundaries":"LA city line to Paxton St. / Foothill Bl. to San Fernando Rd."},"geometry":null},{"type":"Feature","properties":{"Route No":"19P430 Th","Council District":7,"Time Start":"12:00 PM","Time End":"2:00 PM","Boundaries":"Gladstone Av. to Simshaw Av. / Hubbard St. to Sayre St."},"geometry":null},{"type":"Feature","properties":{"Route No":"19P430 W","Council District":7,"Time Start":"12:00 PM","Time End":"2:00 PM","Boundaries":"Gladstone Av. to Simshaw Av. / Hubbard St. to Sayre St."},"geometry":null},{"type":"Feature","properties":{"Route No":"1NP350 Th","Council District":15,"Time Start":"4:00 AM","Time End":"6:30 AM","Boundaries":"PCH to 22nd st-Gaffey St to Avalon BL"},"geometry":null},{"type":"Feature","properties":{"Route No":"1NP350 W","Council District":15,"Time Start":"4:00 AM","Time End":"6:30 AM","Boundaries":"PCH to 22nd st-Gaffey St to Avalon BL"},"geometry":null},{"type":"Feature","properties":{"Route No":"1NP351 Th","Council District":15,"Time Start":"4:00 AM","Time End":"6:30 AM","Boundaries":"Gaffey St from Oliver St to 19th st"},"geometry":null},{"type":"Feature","properties":{"Route No":"1NP351 W","Council District":15,"Time Start":"4:00 AM","Time End":"6:30 AM","Boundaries":"Gaffey St from Oliver St to 19th st"},"geometry":null},{"type":"Feature","properties":{"Route No":"1P207 M","Council District":15,"Time Start":"8:00 AM","Time End":"10:00 AM","Boundaries":"10th st to 22nd st PCH to Gaffey St"},"geometry":null},{"type":"Feature","properties":{"Route No":"1P207 Tu","Council District":15,"Time Start":"8:00 AM","Time End":"10:00 AM","Boundaries":"10th st to 22nd st PCH to Gaffey St"},"geometry":null},{"type":"Feature","properties":{"Route No":"1P208 M","Council District":15,"Time Start":"9:00 AM","Time End":"11:00 AM","Boundaries":"8th st to 22nd st Beacon St to Pacific Ave"},"geometry":null},{"type":"Feature","properties":{"Route No":"1P208 Tu","Council District":15,"Time Start":"9:00 AM","Time End":"11:00 AM","Boundaries":"8th st to 22nd st Beacon St to Pacific Ave"},"geometry":null},{"type":"Feature","properties":{"Route No":"1P212 M","Council District":15,"Time Start":"9:00 AM","Time End":"12:00 PM","Boundaries":"Wilmington Bl to Avalon Bl- PCH  to Anahiem St"},"geometry":null},{"type":"Feature","properties":{"Route No":"1P212 Tu","Council District":15,"Time Start":"9:00 AM","Time End":"12:00 PM","Boundaries":"Wilmington Bl to Avalon Bl- PCH  to Anahiem St"},"geometry":null},{"type":"Feature","properties":{"Route No":"1P216 Th","Council District":15,"Time Start":"12:00 PM","Time End":"2:00 PM","Boundaries":"Belle Porte Ave to Vermont Ave- lomita Bl to PCH"},"geometry":null},{"type":"Feature","properties":{"Route No":"1P216 W","Council District":15,"Time Start":"12:00 PM","Time End":"2:00 PM","Boundaries":"Belle Porte Ave to Vermont Ave- lomita Bl to PCH"},"geometry":null},{"type":"Feature","properties":{"Route No":"1P363 M","Council District":15,"Time Start":"12:00 PM","Time End":"2:00 PM","Boundaries":"Sandison St to PCH- Drumm Ave  D/E W/O Sanford Ave"},"geometry":null},{"type":"Feature","properties":{"Route No":"1P363 Tu","Council District":15,"Time Start":"12:00 PM","Time End":"2:00 PM","Boundaries":"Sandison St to PCH- Drumm Ave  D/E W/O Sanford Ave"},"geometry":null},{"type":"Feature","properties":{"Route No":"1P364 M","Council District":15,"Time Start":"10:00 AM","Time End":"12:00 PM","Boundaries":"Carson City Line to Harry Bridge Bl- Avalon Bl to Figueroa Pl"},"geometry":null},{"type":"Feature","properties":{"Route No":"1P364 Tu","Council District":15,"Time Start":"10:00 AM","Time End":"12:00 PM","Boundaries":"Carson City Line to Harry Bridge Bl- Avalon Bl to Figueroa Pl"},"geometry":null},{"type":"Feature","properties":{"Route No":"1P365 M","Council District":15,"Time Start":"8:00 AM","Time End":"10:00 AM","Boundaries":"Lomita Bl to PCH- Avalon Bl to Wilmington Bl"},"geometry":null},{"type":"Feature","properties":{"Route No":"1P365 Tu","Council District":15,"Time Start":"8:00 AM","Time End":"10:00 AM","Boundaries":"Lomita Bl to PCH- Avalon Bl to Wilmington Bl"},"geometry":null},{"type":"Feature","properties":{"Route No":"20P215 F","Council District":"6/7","Time Start":"10:00 AM","Time End":"12:00 PM","Boundaries":"Nordhoff St. to Lanark St. / Noble Av. to Orion Av."},"geometry":null},{"type":"Feature","properties":{"Route No":"20P215 M","Council District":"6/7","Time Start":"10:00 AM","Time End":"12:00 PM","Boundaries":"Nordhoff St. to Lanark St. / Noble Av. to Orion Av."},"geometry":null},{"type":"Feature","properties":{"Route No":"20P216A F","Council District":"2/6","Time Start":"8:00 AM","Time End":"10:00 AM","Boundaries":"Cantara St. to Sherman Way / Ventura Cyn. To Van Nuys Bl."},"geometry":null},{"type":"Feature","properties":{"Route No":"20P216A M","Council District":"2/6","Time Start":"8:00 AM","Time End":"10:00 AM","Boundaries":"Cantara St. to Sherman Way / Ventura Cyn. To Van Nuys Bl."},"geometry":null},{"type":"Feature","properties":{"Route No":"20P216B F","Council District":"2/6","Time Start":"8:00 AM","Time End":"10:00 AM","Boundaries":"Sherman Way to Victory Bl. / Fulton Av. to Van Nuys Bl."},"geometry":null},{"type":"Feature","properties":{"Route No":"20P216B M","Council District":"2/6","Time Start":"8:00 AM","Time End":"10:00 AM","Boundaries":"Sherman Way to Victory Bl. / Fulton Av. to Van Nuys Bl."},"geometry":null},{"type":"Feature","properties":{"Route No":"20P301 F","Council District":"2/6","Time Start":"10:00 AM","Time End":"12:00 PM","Boundaries":"Victory Bl. Ventura Fwy. / Tyrone Av. to Coldwater Cyn."},"geometry":null},{"type":"Feature","properties":{"Route No":"20P301 M","Council District":"2/6","Time Start":"10:00 AM","Time End":"12:00 PM","Boundaries":"Victory Bl. Ventura Fwy. / Tyrone Av. to Coldwater Cyn."},"geometry":null},{"type":"Feature","properties":{"Route No":"20P302 F","Council District":"4/6","Time Start":"12:00 PM","Time End":"2:00 PM","Boundaries":"Oxnard St. to Camarillo St. / Matilija Av. to Sepulveda Bl."},"geometry":null},{"type":"Feature","properties":{"Route No":"20P302 M","Council District":"4/6","Time Start":"12:00 PM","Time End":"2:00 PM","Boundaries":"Oxnard St. to Camarillo St. / Matilija Av. to Sepulveda Bl."},"geometry":null},{"type":"Feature","properties":{"Route No":"20P303 M","Council District":"4/6","Time Start":"8:00 AM","Time End":"10:00 AM","Boundaries":"Oxnard St. to Burbank Bl. / Woodman Av. to Hazeltine Av."},"geometry":null},{"type":"Feature","properties":{"Route No":"20P303 Tu","Council District":46,"Time Start":"8:00 AM","Time End":"10:00 AM","Boundaries":"Oxnard St. to Burbank Bl. / Woodman Av. to Hazeltine Av."},"geometry":null},{"type":"Feature","properties":{"Route No":"20P360 F","Council District":"2/6","Time Start":"8:00 AM","Time End":"10:00 AM","Boundaries":"Arleta Av. to Raymer St. / Van Nuys Bl. to Noble Av."},"geometry":null},{"type":"Feature","properties":{"Route No":"20P360 M","Council District":"2/6","Time Start":"8:00 AM","Time End":"10:00 AM","Boundaries":"Arleta Av. to Raymer St. / Van Nuys Bl. to Noble Av."},"geometry":null},{"type":"Feature","properties":{"Route No":"20P361 F","Council District":6,"Time Start":"12:00 PM","Time End":"2:00 PM","Boundaries":"Marson St. to Sylvan St. / Van Nuys Bl to 405 Fwy."},"geometry":null},{"type":"Feature","properties":{"Route No":"20P361 M","Council District":6,"Time Start":"12:00 PM","Time End":"2:00 PM","Boundaries":"Marson St. to Sylvan St. / Van Nuys Bl to 405 Fwy."},"geometry":null},{"type":"Feature","properties":{"Route No":"20P362 M","Council District":6,"Time Start":"12:00 PM","Time End":"2:00 PM","Boundaries":"Sepulveda Bl. to 405 Fwy. / Sherman Way to Victory Bl."},"geometry":null},{"type":"Feature","properties":{"Route No":"20P362 Tu","Council District":6,"Time Start":"12:00 PM","Time End":"2:00 PM","Boundaries":"Sepulveda Bl. to 405 Fwy. / Sherman Way to Victory Bl."},"geometry":null},{"type":"Feature","properties":{"Route No":"20P363 M","Council District":6,"Time Start":"10:00 AM","Time End":"12:00 PM","Boundaries":"Victory Bl. to Sherman Way / Kester Av. to Sepulveda Bl."},"geometry":null},{"type":"Feature","properties":{"Route No":"20P363 Tu","Council District":6,"Time Start":"10:00 AM","Time End":"12:00 PM","Boundaries":"Victory Bl. to Sherman Way / Kester Av. to Sepulveda Bl."},"geometry":null},{"type":"Feature","properties":{"Route No":"20P364 M","Council District":6,"Time Start":"8:00 AM","Time End":"10:00 AM","Boundaries":"Sherman Way to Vanowen St. / Van Nuys Bl. to Kester Av."},"geometry":null},{"type":"Feature","properties":{"Route No":"20P364 Tu","Council District":6,"Time Start":"8:00 AM","Time End":"10:00 AM","Boundaries":"Sherman Way to Vanowen St. / Van Nuys Bl. to Kester Av."},"geometry":null},{"type":"Feature","properties":{"Route No":"20P365 M","Council District":6,"Time Start":"8:00 AM","Time End":"10:00 AM","Boundaries":"Vanowen St. to Victory Bl. / Van Nuys Bl. to Kester Av."},"geometry":null},{"type":"Feature","properties":{"Route No":"20P365 Tu","Council District":6,"Time Start":"8:00 AM","Time End":"10:00 AM","Boundaries":"Vanowen St. to Victory Bl. / Van Nuys Bl. to Kester Av."},"geometry":null},{"type":"Feature","properties":{"Route No":"20P366 M","Council District":2,"Time Start":"12:00 PM","Time End":"2:00 PM","Boundaries":"Sherman Way to Vanowen St. / Woodman Av. to Hazeltine Avv."},"geometry":null},{"type":"Feature","properties":{"Route No":"20P366 Tu","Council District":2,"Time Start":"12:00 PM","Time End":"2:00 PM","Boundaries":"Sherman Way to Vanowen St. / Woodman Av. to Hazeltine Avv."},"geometry":null},{"type":"Feature","properties":{"Route No":"20P367  M","Council District":6,"Time Start":"12:00 PM","Time End":"2:00 PM","Boundaries":"Sherman Way to Vanowen St. / Hazeltine Av. to Van Nuys Bl."},"geometry":null},{"type":"Feature","properties":{"Route No":"20P367 Tu","Council District":6,"Time Start":"12:00 PM","Time End":"2:00 PM","Boundaries":"Sherman Way to Vanowen St. / Hazeltine Av. to Van Nuys Bl."},"geometry":null},{"type":"Feature","properties":{"Route No":"20P368 M","Council District":6,"Time Start":"10:00 AM","Time End":"12:00 PM","Boundaries":"Vanowen St to Victory Bl. / Hazeltine Av. to Van Nuys Bl."},"geometry":null},{"type":"Feature","properties":{"Route No":"20P368 Tu","Council District":6,"Time Start":"10:00 AM","Time End":"12:00 PM","Boundaries":"Vanowen St to Victory Bl. / Hazeltine Av. to Van Nuys Bl."},"geometry":null},{"type":"Feature","properties":{"Route No":"20P369 M","Council District":6,"Time Start":"10:00 AM","Time End":"12:00 PM","Boundaries":"Victory Bl. to Oxnard St. / Hazeltine Av. to Van Nuys Bl."},"geometry":null},{"type":"Feature","properties":{"Route No":"20P369 Tu","Council District":6,"Time Start":"10:00 AM","Time End":"12:00 PM","Boundaries":"Victory Bl. to Oxnard St. / Hazeltine Av. to Van Nuys Bl."},"geometry":null},{"type":"Feature","properties":{"Route No":"20P370 M","Council District":6,"Time Start":"8:00 AM","Time End":"10:00 AM","Boundaries":"Victory Bl. to Oxnard St. / Van Nuys Bl. to Kester Av."},"geometry":null},{"type":"Feature","properties":{"Route No":"20P370 Tu","Council District":6,"Time Start":"8:00 AM","Time End":"10:00 AM","Boundaries":"Victory Bl. to Oxnard St. / Van Nuys Bl. to Kester Av."},"geometry":null},{"type":"Feature","properties":{"Route No":"20P371 M","Council District":6,"Time Start":"8:00 AM","Time End":"10:00 AM","Boundaries":"Victory Bl. to Oxnard St. / Kester Av. to 405 Fwy."},"geometry":null},{"type":"Feature","properties":{"Route No":"20P371 Tu","Council District":6,"Time Start":"8:00 AM","Time End":"10:00 AM","Boundaries":"Victory Bl. to Oxnard St. / Kester Av. to 405 Fwy."},"geometry":null},{"type":"Feature","properties":{"Route No":"20P372 M","Council District":4,"Time Start":"12:00 PM","Time End":"2:00 PM","Boundaries":"Oxnard St. to Burbank Bl. / Hazeltine Av. to Van Nuys Bl."},"geometry":null},{"type":"Feature","properties":{"Route No":"20P372 Tu","Council District":4,"Time Start":"12:00 PM","Time End":"2:00 PM","Boundaries":"Oxnard St. to Burbank Bl. / Hazeltine Av. to Van Nuys Bl."},"geometry":null},{"type":"Feature","properties":{"Route No":"20P373 M","Council District":4,"Time Start":"12:00 PM","Time End":"2:00 PM","Boundaries":"Burbank Bl. to Magnolia Bl. / Hazeltine Av. to Van Nuys Bl."},"geometry":null},{"type":"Feature","properties":{"Route No":"20P373 Tu","Council District":4,"Time Start":"12:00 PM","Time End":"2:00 PM","Boundaries":"Burbank Bl. to Magnolia Bl. / Hazeltine Av. to Van Nuys Bl."},"geometry":null},{"type":"Feature","properties":{"Route No":"20P374 M","Council District":4,"Time Start":"10:00 AM","Time End":"12:00 PM","Boundaries":"Oxnard St. to Burbank Bl. / Van Nuys Bl to Kester AV."},"geometry":null},{"type":"Feature","properties":{"Route No":"20P374 Tu","Council District":4,"Time Start":"10:00 AM","Time End":"12:00 PM","Boundaries":"Oxnard St. to Burbank Bl. / Van Nuys Bl to Kester AV."},"geometry":null},{"type":"Feature","properties":{"Route No":"20P375 M","Council District":4,"Time Start":"10:00 AM","Time End":"12:00 PM","Boundaries":"Burbank Bl. to Magnolia Bl. / Van Nuys Bl. to Kester Av."},"geometry":null},{"type":"Feature","properties":{"Route No":"20P375 Tu","Council District":4,"Time Start":"10:00 AM","Time End":"12:00 PM","Boundaries":"Burbank Bl. to Magnolia Bl. / Van Nuys Bl. to Kester Av."},"geometry":null},{"type":"Feature","properties":{"Route No":"20P376 M","Council District":4,"Time Start":"8:00 AM","Time End":"10:00 AM","Boundaries":"Oxnard St. to Burbank Bl. / Kester Av. to Sepulveda Bl."},"geometry":null},{"type":"Feature","properties":{"Route No":"20P376 Tu","Council District":4,"Time Start":"8:00 AM","Time End":"10:00 AM","Boundaries":"Oxnard St. to Burbank Bl. / Kester Av. to Sepulveda Bl."},"geometry":null},{"type":"Feature","properties":{"Route No":"20P377 M","Council District":4,"Time Start":"8:00 AM","Time End":"10:00 AM","Boundaries":"Burbank Bl. to Magnolia Bl. / Kester Av. to Sepulveda Bl."},"geometry":null},{"type":"Feature","properties":{"Route No":"20P377 Tu","Council District":4,"Time Start":"8:00 AM","Time End":"10:00 AM","Boundaries":"Burbank Bl. to Magnolia Bl. / Kester Av. to Sepulveda Bl."},"geometry":null},{"type":"Feature","properties":{"Route No":"21P189 F","Council District":3,"Time Start":"8:00 AM","Time End":"10:00 AM","Boundaries":"WILBUR AV./ ETIWANDA AV. TO BALBOA AV. / VICTORY BL. TO BURBANK BL."},"geometry":null},{"type":"Feature","properties":{"Route No":"21P189 M","Council District":3,"Time Start":"8:00 AM","Time End":"10:00 AM","Boundaries":"WILBUR AV./ ETIWANDA AV. TO BALBOA AV. / VICTORY BL. TO BURBANK BL."},"geometry":null},{"type":"Feature","properties":{"Route No":"21P190 Tu","Council District":"3/5","Time Start":"8:00 AM","Time End":"10:00 AM","Boundaries":"OXNARD ST. TO VENTURA FRWY./ WHITE OAK AV. TO ETIWANDA AV."},"geometry":null},{"type":"Feature","properties":{"Route No":"21P190 W","Council District":"3/5","Time Start":"8:00 AM","Time End":"10:00 AM","Boundaries":"OXNARD ST. TO VENTURA FRWY./ WHITE OAK AV. TO ETIWANDA AV."},"geometry":null},{"type":"Feature","properties":{"Route No":"21P191 Tu","Council District":5,"Time Start":"10:00 AM","Time End":"12:00 PM","Boundaries":"OXNARD ST TO BURBANK BL ./  LOUISE AV. TO WHITE OAK AV."},"geometry":null},{"type":"Feature","properties":{"Route No":"21P191 W","Council District":5,"Time Start":"10:00 AM","Time End":"12:00 PM","Boundaries":"OXNARD ST TO BURBANK BL ./  LOUISE AV. TO WHITE OAK AV."},"geometry":null},{"type":"Feature","properties":{"Route No":"21P192 Tu","Council District":5,"Time Start":"12:00 PM","Time End":"2:00 PM","Boundaries":"OXNARD ST TO BURBANK BL ./ WISH AV. TO LOUISE AV."},"geometry":null},{"type":"Feature","properties":{"Route No":"21P192 W","Council District":5,"Time Start":"12:00 PM","Time End":"2:00 PM","Boundaries":"OXNARD ST TO BURBANK BL ./ WISH AV. TO LOUISE AV."},"geometry":null},{"type":"Feature","properties":{"Route No":"21P300 F","Council District":"3/6","Time Start":"8:00 AM","Time End":"11:00 AM","Boundaries":"HASKEL AV. TO LINDLEY AV./SATICOY ST. TO VICTORY BL."},"geometry":null},{"type":"Feature","properties":{"Route No":"21P300 M","Council District":"3/6","Time Start":"8:00 AM","Time End":"11:00 AM","Boundaries":"HASKEL AV. TO LINDLEY AV./SATICOY ST. TO VICTORY BL."},"geometry":null},{"type":"Feature","properties":{"Route No":"21P301 F","Council District":"3/6","Time Start":"12:00 PM","Time End":"2:00 PM","Boundaries":"VANOWEN ST TO VICTORY BL./WOODLEY AV. TO SAN DIEGO FRWY."},"geometry":null},{"type":"Feature","properties":{"Route No":"21P301 M","Council District":"3/6","Time Start":"12:00 PM","Time End":"2:00 PM","Boundaries":"VANOWEN ST TO VICTORY BL./WOODLEY AV. TO SAN DIEGO FRWY."},"geometry":null},{"type":"Feature","properties":{"Route No":"21P359 F","Council District":3,"Time Start":"8:00 AM","Time End":"10:00 AM","Boundaries":"WYANDOTE ST. TO VICTORY BL./YOLANDA AV. TO CORBIN AV."},"geometry":null},{"type":"Feature","properties":{"Route No":"21P359 W","Council District":3,"Time Start":"8:00 AM","Time End":"10:00 AM","Boundaries":"WYANDOTE ST. TO VICTORY BL./YOLANDA AV. TO CORBIN AV."},"geometry":null},{"type":"Feature","properties":{"Route No":"21P360 F","Council District":3,"Time Start":"8:00 AM","Time End":"10:00 AM","Boundaries":"ROSCOE BL. TO VICTORY BL./LINDLEY AV. TO WILBUR AV."},"geometry":null},{"type":"Feature","properties":{"Route No":"21P360 W","Council District":3,"Time Start":"8:00 AM","Time End":"10:00 AM","Boundaries":"ROSCOE BL. TO VICTORY BL./LINDLEY AV. TO WILBUR AV."},"geometry":null},{"type":"Feature","properties":{"Route No":"22P188 F","Council District":12,"Time Start":"8:00 AM","Time End":"10:00 AM","Boundaries":"RINALDI ST. TO ROSCOE BL./HASKEL AV. TO BALBOA BL."},"geometry":null},{"type":"Feature","properties":{"Route No":"22P188 M","Council District":12,"Time Start":"8:00 AM","Time End":"10:00 AM","Boundaries":"RINALDI ST. TO ROSCOE BL./HASKEL AV. TO BALBOA BL."},"geometry":null},{"type":"Feature","properties":{"Route No":"22P189 F","Council District":12,"Time Start":"10:00 AM","Time End":"12:00 PM","Boundaries":"Los Alimos to Plummer st./Balboa av. To Lindley av."},"geometry":null},{"type":"Feature","properties":{"Route No":"22P189 Th","Council District":12,"Time Start":"10:00 AM","Time End":"12:00 PM","Boundaries":"Los Alimos to Plummer st./Balboa av. To Lindley av."},"geometry":null},{"type":"Feature","properties":{"Route No":"22P190 M","Council District":12,"Time Start":"8:00 AM","Time End":"10:00 AM","Boundaries":"Rinaldi st. to Sqn Fernando Mission bl./Sepulveda bl. To Haskel av."},"geometry":null},{"type":"Feature","properties":{"Route No":"22P190 Tu","Council District":12,"Time Start":"8:00 AM","Time End":"10:00 AM","Boundaries":"Rinaldi st. to Sqn Fernando Mission bl./Sepulveda bl. To Haskel av."},"geometry":null},{"type":"Feature","properties":{"Route No":"22P192 F","Council District":12,"Time Start":"8:00 AM","Time End":"10:00 AM","Boundaries":"Rinaldi st. to San Fernando Mission bl./Balboa bl. To Louise av."},"geometry":null},{"type":"Feature","properties":{"Route No":"22P192 Th","Council District":12,"Time Start":"8:00 AM","Time End":"10:00 AM","Boundaries":"Rinaldi st. to San Fernando Mission bl./Balboa bl. To Louise av."},"geometry":null},{"type":"Feature","properties":{"Route No":"22P193 M","Council District":12,"Time Start":"8:00 AM","Time End":"10:00 AM","Boundaries":"San Fernando Mission Bl. To Chatsworth st./Sepulveda bl. To Haskel av."},"geometry":null},{"type":"Feature","properties":{"Route No":"22P193 Tu","Council District":12,"Time Start":"8:00 AM","Time End":"10:00 AM","Boundaries":"San Fernando Mission Bl. To Chatsworth st./Sepulveda bl. To Haskel av."},"geometry":null},{"type":"Feature","properties":{"Route No":"22P194 M","Council District":12,"Time Start":"10:00 AM","Time End":"12:00 PM","Boundaries":"San Fernando Mission bl. To Chatsworth st. / Haskel av. To Woodley av."},"geometry":null},{"type":"Feature","properties":{"Route No":"22P194 Tu","Council District":12,"Time Start":"10:00 AM","Time End":"12:00 PM","Boundaries":"San Fernando Mission bl. To Chatsworth st. / Haskel av. To Woodley av."},"geometry":null},{"type":"Feature","properties":{"Route No":"22P195 M","Council District":12,"Time Start":"12:00 PM","Time End":"2:00 PM","Boundaries":"San Fernando Mission bl. To Chatsworth st. / Woodley av. To Hayvenhurst av."},"geometry":null},{"type":"Feature","properties":{"Route No":"22P195 Tu","Council District":12,"Time Start":"12:00 PM","Time End":"2:00 PM","Boundaries":"San Fernando Mission bl. To Chatsworth st. / Woodley av. To Hayvenhurst av."},"geometry":null},{"type":"Feature","properties":{"Route No":"22P196 M","Council District":12,"Time Start":"12:00 PM","Time End":"2:00 PM","Boundaries":"Chatsworth st. to devonshire st./Sepulveda bl. To Haskel av."},"geometry":null},{"type":"Feature","properties":{"Route No":"22P196 Tu","Council District":12,"Time Start":"12:00 PM","Time End":"2:00 PM","Boundaries":"Chatsworth st. to devonshire st./Sepulveda bl. To Haskel av."},"geometry":null},{"type":"Feature","properties":{"Route No":"22P197 M","Council District":12,"Time Start":"12:00 PM","Time End":"2:00 PM","Boundaries":"Chatsworth st. to Devonshire st./Haskel av. To Woodley av."},"geometry":null},{"type":"Feature","properties":{"Route No":"22P197 Tu","Council District":12,"Time Start":"12:00 PM","Time End":"2:00 PM","Boundaries":"Chatsworth st. to Devonshire st./Haskel av. To Woodley av."},"geometry":null},{"type":"Feature","properties":{"Route No":"22P198 M","Council District":12,"Time Start":"12:00 PM","Time End":"2:00 PM","Boundaries":"Chatsworth st. to Devonshire st./Woodley av. To Hayvenhurst"},"geometry":null},{"type":"Feature","properties":{"Route No":"22P198 Tu","Council District":12,"Time Start":"12:00 PM","Time End":"2:00 PM","Boundaries":"Chatsworth st. to Devonshire st./Woodley av. To Hayvenhurst"},"geometry":null},{"type":"Feature","properties":{"Route No":"22P199 M","Council District":12,"Time Start":"8:00 AM","Time End":"10:00 AM","Boundaries":"Devonshire st. to Lassen st. / Sepulveda bl. To Haskel av."},"geometry":null},{"type":"Feature","properties":{"Route No":"22P199 Tu","Council District":12,"Time Start":"8:00 AM","Time End":"10:00 AM","Boundaries":"Devonshire st. to Lassen st. / Sepulveda bl. To Haskel av."},"geometry":null},{"type":"Feature","properties":{"Route No":"22P200 M","Council District":12,"Time Start":"10:00 AM","Time End":"12:00 PM","Boundaries":"Devonshire st. to Lassen st. / Woodley av. To Hayvenhurst av."},"geometry":null},{"type":"Feature","properties":{"Route No":"22P200 Tu","Council District":12,"Time Start":"10:00 AM","Time End":"12:00 PM","Boundaries":"Devonshire st. to Lassen st. / Woodley av. To Hayvenhurst av."},"geometry":null},{"type":"Feature","properties":{"Route No":"22P201 M","Council District":12,"Time Start":"12:00 PM","Time End":"2:00 PM","Boundaries":"Devonshire st. to Lassen st. / Woodley av. To Hayvenhurst av."},"geometry":null},{"type":"Feature","properties":{"Route No":"22P201 Tu","Council District":12,"Time Start":"12:00 PM","Time End":"2:00 PM","Boundaries":"Devonshire st. to Lassen st. / Woodley av. To Hayvenhurst av."},"geometry":null},{"type":"Feature","properties":{"Route No":"22P203 M","Council District":12,"Time Start":"10:00 AM","Time End":"12:00 PM","Boundaries":"Chatsworth st. to devonshire st. / Hayvenhurst av. To Balboa bl."},"geometry":null},{"type":"Feature","properties":{"Route No":"22P203 Tu","Council District":12,"Time Start":"10:00 AM","Time End":"12:00 PM","Boundaries":"Chatsworth st. to devonshire st. / Hayvenhurst av. To Balboa bl."},"geometry":null},{"type":"Feature","properties":{"Route No":"22P204 M","Council District":12,"Time Start":"8:00 AM","Time End":"10:00 AM","Boundaries":"San Fernando Mission bl. To Chatsworth st./Hayvenhurst av. To Balboa bl."},"geometry":null},{"type":"Feature","properties":{"Route No":"22P204 Tu","Council District":12,"Time Start":"8:00 AM","Time End":"10:00 AM","Boundaries":"San Fernando Mission bl. To Chatsworth st./Hayvenhurst av. To Balboa bl."},"geometry":null},{"type":"Feature","properties":{"Route No":"22P206 F","Council District":12,"Time Start":"10:00 AM","Time End":"12:00 PM","Boundaries":"Rinaldi st. to San Fernando Mission bl./Balboa bl. To Louise av."},"geometry":null},{"type":"Feature","properties":{"Route No":"22P206 Th","Council District":12,"Time Start":"10:00 AM","Time End":"12:00 PM","Boundaries":"Rinaldi st. to San Fernando Mission bl./Balboa bl. To Louise av."},"geometry":null},{"type":"Feature","properties":{"Route No":"22P207 M","Council District":12,"Time Start":"8:00 AM","Time End":"10:00 AM","Boundaries":"San Fernando Mission bl. To Chatsworth st./ Balboa bl. To Louise av."},"geometry":null},{"type":"Feature","properties":{"Route No":"22P207 Tu","Council District":12,"Time Start":"8:00 AM","Time End":"10:00 AM","Boundaries":"San Fernando Mission bl. To Chatsworth st./ Balboa bl. To Louise av."},"geometry":null},{"type":"Feature","properties":{"Route No":"22P208 M","Council District":12,"Time Start":"10:00 AM","Time End":"12:00 PM","Boundaries":"Chatsworth st. to Devonshire st. / Balboa bl. To Louise av."},"geometry":null},{"type":"Feature","properties":{"Route No":"22P208 Tu","Council District":12,"Time Start":"10:00 AM","Time End":"12:00 PM","Boundaries":"Chatsworth st. to Devonshire st. / Balboa bl. To Louise av."},"geometry":null},{"type":"Feature","properties":{"Route No":"23P187  Th","Council District":3,"Time Start":"8:00 AM","Time End":"11:00 AM","Boundaries":"San Jose st. to Roscoe bl. / Oakdale av. To Topanga Canyon bl."},"geometry":null},{"type":"Feature","properties":{"Route No":"4P108 Tu","Council District":13,"Time Start":"8:00 AM","Time End":"11:00 AM","Boundaries":"Hoover st to Shatto Pl- 1st to 6th st"},"geometry":null},{"type":"Feature","properties":{"Route No":"23P187 F","Council District":3,"Time Start":"8:00 AM","Time End":"11:00 AM","Boundaries":"San Jose st. to Roscoe bl. / Oakdale av. To Topanga Canyon bl."},"geometry":null},{"type":"Feature","properties":{"Route No":"23P188 Th","Council District":3,"Time Start":"8:00 AM","Time End":"10:00 AM","Boundaries":"Parthenia st. to Roscoe bl. / Mason av. To De Soto av."},"geometry":null},{"type":"Feature","properties":{"Route No":"23P188 W","Council District":3,"Time Start":"8:00 AM","Time End":"10:00 AM","Boundaries":"Parthenia st. to Roscoe bl. / Mason av. To De Soto av."},"geometry":null},{"type":"Feature","properties":{"Route No":"23P194 F","Council District":3,"Time Start":"12:00 PM","Time End":"2:00 PM","Boundaries":"Parthenia st. to Roscoe bl. / Lindley av. To Reseda bl."},"geometry":null},{"type":"Feature","properties":{"Route No":"23P194 Th","Council District":3,"Time Start":"12:00 PM","Time End":"2:00 PM","Boundaries":"Parthenia st. to Roscoe bl. / Lindley av. To Reseda bl."},"geometry":null},{"type":"Feature","properties":{"Route No":"23P303 F","Council District":3,"Time Start":"10:00 AM","Time End":"1:00 PM","Boundaries":"Chatsworth st. to Roscoe bl. / Lindley av. To Tampa av."},"geometry":null},{"type":"Feature","properties":{"Route No":"23P303 Th","Council District":3,"Time Start":"10:00 AM","Time End":"1:00 PM","Boundaries":"Chatsworth st. to Roscoe bl. / Lindley av. To Tampa av."},"geometry":null},{"type":"Feature","properties":{"Route No":"24P190 Th","Council District":3,"Time Start":"8:00 AM","Time End":"10:00 AM","Boundaries":"Saticoy st. To Deering av. / Winnetka av. To Variel av."},"geometry":null},{"type":"Feature","properties":{"Route No":"24P190 W","Council District":3,"Time Start":"8:00 AM","Time End":"10:00 AM","Boundaries":"Saticoy st. To Deering av. / Winnetka av. To Variel av."},"geometry":null},{"type":"Feature","properties":{"Route No":"24P299 Tu","Council District":3,"Time Start":"8:00 AM","Time End":"10:00 AM","Boundaries":"Vanowen st. to Ventura bl. / Topanga Canyon  bl. To Manton av."},"geometry":null},{"type":"Feature","properties":{"Route No":"24P299M","Council District":3,"Time Start":"8:00 AM","Time End":"10:00 AM","Boundaries":"Vanowen st. to Ventura bl. / Topanga Canyon  bl. To Manton av."},"geometry":null},{"type":"Feature","properties":{"Route No":"24P300 Th","Council District":3,"Time Start":"8:00 AM","Time End":"10:00 AM","Boundaries":"Saticoy St. to Sherman Way / Canoga av. To Topanga Canyon bl."},"geometry":null},{"type":"Feature","properties":{"Route No":"24P300 W","Council District":3,"Time Start":"8:00 AM","Time End":"10:00 AM","Boundaries":"Saticoy St. to Sherman Way / Canoga av. To Topanga Canyon bl."},"geometry":null},{"type":"Feature","properties":{"Route No":"24P301 Th","Council District":3,"Time Start":"9:00 AM","Time End":"11:00 AM","Boundaries":"Roscoe bl. To Saticoy st. / Variel av. To Topanga Canyon Bl."},"geometry":null},{"type":"Feature","properties":{"Route No":"24P301 W","Council District":3,"Time Start":"9:00 AM","Time End":"11:00 AM","Boundaries":"Roscoe bl. To Saticoy st. / Variel av. To Topanga Canyon Bl."},"geometry":null},{"type":"Feature","properties":{"Route No":"24P302 M","Council District":"3/12","Time Start":"12:00 PM","Time End":"2:00 PM","Boundaries":"Fallbrook av. / Roscoe bl. To Ventura Fwy. & Bigler st. Dunman av. To Abbyville av."},"geometry":null},{"type":"Feature","properties":{"Route No":"24P302 Tu","Council District":"3/12","Time Start":"12:00 PM","Time End":"2:00 PM","Boundaries":"Fallbrook av. / Roscoe bl. To Ventura Fwy. & Bigler st. Dunman av. To Abbyville av."},"geometry":null},{"type":"Feature","properties":{"Route No":"24P303 M","Council District":3,"Time Start":"10:00 AM","Time End":"12:00 PM","Boundaries":"Saticoy st. to Sherman Way / Topanga Canyon bl."},"geometry":null},{"type":"Feature","properties":{"Route No":"24P303 Tu","Council District":3,"Time Start":"10:00 AM","Time End":"12:00 PM","Boundaries":"Saticoy st. to Sherman Way / Topanga Canyon bl."},"geometry":null},{"type":"Feature","properties":{"Route No":"24P304 Th","Council District":3,"Time Start":"10:00 AM","Time End":"12:00 PM","Boundaries":"Mason av. To De Soto av. / Saticoy st. to Sherman way"},"geometry":null},{"type":"Feature","properties":{"Route No":"24P304 W","Council District":3,"Time Start":"10:00 AM","Time End":"12:00 PM","Boundaries":"Mason av. To De Soto av. / Saticoy st. to Sherman way"},"geometry":null},{"type":"Feature","properties":{"Route No":"24P305 Th","Council District":3,"Time Start":"8:00 AM","Time End":"10:00 AM","Boundaries":"Saticoy st. to Sherman way / De Soto av. To Canoga av."},"geometry":null},{"type":"Feature","properties":{"Route No":"24P305 W","Council District":3,"Time Start":"8:00 AM","Time End":"10:00 AM","Boundaries":"Saticoy st. to Sherman way / De Soto av. To Canoga av."},"geometry":null},{"type":"Feature","properties":{"Route No":"24P307 Th","Council District":3,"Time Start":"8:00 AM","Time End":"10:00 AM","Boundaries":"Sherman way to Los Angelas River / De Soto av. To Deering av."},"geometry":null},{"type":"Feature","properties":{"Route No":"24P307 W","Council District":3,"Time Start":"8:00 AM","Time End":"10:00 AM","Boundaries":"Sherman way to Los Angelas River / De Soto av. To Deering av."},"geometry":null},{"type":"Feature","properties":{"Route No":"24P308 Th","Council District":3,"Time Start":"12:00 PM","Time End":"2:00 PM","Boundaries":"Saticoy st. to Sherman way / Winnetka av. To Mason av."},"geometry":null},{"type":"Feature","properties":{"Route No":"24P308 W","Council District":3,"Time Start":"12:00 PM","Time End":"2:00 PM","Boundaries":"Saticoy st. to Sherman way / Winnetka av. To Mason av."},"geometry":null},{"type":"Feature","properties":{"Route No":"24P310 M","Council District":3,"Time Start":"8:00 AM","Time End":"10:00 AM","Boundaries":"Bassett av. To Sherman way / Canoga av. To Topanga Canyon bl."},"geometry":null},{"type":"Feature","properties":{"Route No":"24P310 Tu","Council District":3,"Time Start":"8:00 AM","Time End":"10:00 AM","Boundaries":"Bassett av. To Sherman way / Canoga av. To Topanga Canyon bl."},"geometry":null},{"type":"Feature","properties":{"Route No":"24P311 Th","Council District":3,"Time Start":"10:00 AM","Time End":"12:00 PM","Boundaries":"Sherman way to Vanowen st. / Mason av. To De Soto av."},"geometry":null},{"type":"Feature","properties":{"Route No":"24P311 W","Council District":3,"Time Start":"10:00 AM","Time End":"12:00 PM","Boundaries":"Sherman way to Vanowen st. / Mason av. To De Soto av."},"geometry":null},{"type":"Feature","properties":{"Route No":"24P312 Th","Council District":3,"Time Start":"12:00 PM","Time End":"2:00 PM","Boundaries":"Sherman way to Vanowen st. / Topanga Canyon Bl. To Shoup av."},"geometry":null},{"type":"Feature","properties":{"Route No":"24P312 W","Council District":3,"Time Start":"12:00 PM","Time End":"2:00 PM","Boundaries":"Sherman way to Vanowen st. / Topanga Canyon Bl. To Shoup av."},"geometry":null},{"type":"Feature","properties":{"Route No":"24P313 Th","Council District":12,"Time Start":"8:00 AM","Time End":"10:00 AM","Boundaries":"Shoup av. To Fallbrook av. / Roscoe bl. To Saticoy st."},"geometry":null},{"type":"Feature","properties":{"Route No":"24P313 W","Council District":12,"Time Start":"8:00 AM","Time End":"10:00 AM","Boundaries":"Shoup av. To Fallbrook av. / Roscoe bl. To Saticoy st."},"geometry":null},{"type":"Feature","properties":{"Route No":"24P314 Th","Council District":12,"Time Start":"10:00 AM","Time End":"12:00 PM","Boundaries":"Shoup av. To Fallbrook av. / Saticoy st. to Sherman way"},"geometry":null},{"type":"Feature","properties":{"Route No":"24P314 W","Council District":12,"Time Start":"10:00 AM","Time End":"12:00 PM","Boundaries":"Shoup av. To Fallbrook av. / Saticoy st. to Sherman way"},"geometry":null},{"type":"Feature","properties":{"Route No":"24P315 Th","Council District":12,"Time Start":"12:00 PM","Time End":"2:00 PM","Boundaries":"Sherman way to Vanowen st. / Shoup av. To Fallbrook av."},"geometry":null},{"type":"Feature","properties":{"Route No":"24P315 W","Council District":12,"Time Start":"12:00 PM","Time End":"2:00 PM","Boundaries":"Sherman way to Vanowen st. / Shoup av. To Fallbrook av."},"geometry":null},{"type":"Feature","properties":{"Route No":"24P316 Th","Council District":12,"Time Start":"8:00 AM","Time End":"10:00 AM","Boundaries":"Fallbrook av. To Woodlake av. / Roscoa bl. To Saticoy st."},"geometry":null},{"type":"Feature","properties":{"Route No":"24P316 W","Council District":12,"Time Start":"8:00 AM","Time End":"10:00 AM","Boundaries":"Fallbrook av. To Woodlake av. / Roscoa bl. To Saticoy st."},"geometry":null},{"type":"Feature","properties":{"Route No":"24P317 Th","Council District":12,"Time Start":"10:00 AM","Time End":"12:00 PM","Boundaries":"Fallbrook av. To woodlake av. / saticoy st. to sherman way"},"geometry":null},{"type":"Feature","properties":{"Route No":"24P317 W","Council District":12,"Time Start":"10:00 AM","Time End":"12:00 PM","Boundaries":"Fallbrook av. To woodlake av. / saticoy st. to sherman way"},"geometry":null},{"type":"Feature","properties":{"Route No":"24P318 Th","Council District":12,"Time Start":"12:00 PM","Time End":"2:00 PM","Boundaries":"fallbrook av. To woodlake av. / sherman way to  vanowen st."},"geometry":null},{"type":"Feature","properties":{"Route No":"24P318 W","Council District":12,"Time Start":"12:00 PM","Time End":"2:00 PM","Boundaries":"fallbrook av. To woodlake av. / sherman way to  vanowen st."},"geometry":null},{"type":"Feature","properties":{"Route No":"24P319 Th","Council District":12,"Time Start":"12:00 PM","Time End":"2:00 PM","Boundaries":"woodlake av. To el escorpion crk/schoolcraft st to vanowen st"},"geometry":null},{"type":"Feature","properties":{"Route No":"24P319 W","Council District":12,"Time Start":"12:00 PM","Time End":"2:00 PM","Boundaries":"woodlake av. To el escorpion crk/schoolcraft st to vanowen st"},"geometry":null},{"type":"Feature","properties":{"Route No":"2P124 M","Council District":8,"Time Start":"8:00 AM","Time End":"10:00 AM","Boundaries":"79th st to 85th st -Main st to 85th Pl"},"geometry":null},{"type":"Feature","properties":{"Route No":"2P124 Tu","Council District":8,"Time Start":"8:00 AM","Time End":"10:00 AM","Boundaries":"79th st to 85th st -Main st to 85th Pl"},"geometry":null},{"type":"Feature","properties":{"Route No":"2P125 M","Council District":8,"Time Start":"8:00 AM","Time End":"10:00 AM","Boundaries":"79th st to 85th st-Harbor Fwy to Vermont Ave"},"geometry":null},{"type":"Feature","properties":{"Route No":"2P125 Tu","Council District":8,"Time Start":"8:00 AM","Time End":"10:00 AM","Boundaries":"79th st to 85th st-Harbor Fwy to Vermont Ave"},"geometry":null},{"type":"Feature","properties":{"Route No":"2P134 Th","Council District":15,"Time Start":"8:00 AM","Time End":"10:00 AM","Boundaries":"92nd St to 103rd St- Graham Ave to Cresus Ave"},"geometry":null},{"type":"Feature","properties":{"Route No":"2P134 W","Council District":15,"Time Start":"8:00 AM","Time End":"10:00 AM","Boundaries":"92nd St to 103rd St- Graham Ave to Cresus Ave"},"geometry":null},{"type":"Feature","properties":{"Route No":"2P135 Th","Council District":15,"Time Start":"10:00 AM","Time End":"12:00 PM","Boundaries":"92nd St to 103rd st- Grandee Ave to Success Ave"},"geometry":null},{"type":"Feature","properties":{"Route No":"2P135 W","Council District":15,"Time Start":"10:00 AM","Time End":"12:00 PM","Boundaries":"92nd St to 103rd st- Grandee Ave to Success Ave"},"geometry":null},{"type":"Feature","properties":{"Route No":"2P206 Th","Council District":15,"Time Start":"8:00 AM","Time End":"10:00 AM","Boundaries":"El Segundo Bl to Rosecran Ave- Hoover st to Vermont Ave"},"geometry":null},{"type":"Feature","properties":{"Route No":"2P206 W","Council District":15,"Time Start":"8:00 AM","Time End":"10:00 AM","Boundaries":"El Segundo Bl to Rosecran Ave- Hoover st to Vermont Ave"},"geometry":null},{"type":"Feature","properties":{"Route No":"2P207 F","Council District":15,"Time Start":"9:00 AM","Time End":"11:00 AM","Boundaries":"120th st to El Segundo Bl-Figueroa st City Limits to Vermont Ave"},"geometry":null},{"type":"Feature","properties":{"Route No":"2P207 W","Council District":15,"Time Start":"9:00 AM","Time End":"11:00 AM","Boundaries":"120th st to El Segundo Bl-Figueroa st City Limits to Vermont Ave"},"geometry":null},{"type":"Feature","properties":{"Route No":"2P229 M","Council District":"8/15","Time Start":"10:00 AM","Time End":"12:00 PM","Boundaries":"Main St to Alvalon Bl- 79th st to Manchester Ave"},"geometry":null},{"type":"Feature","properties":{"Route No":"2P229 Tu","Council District":8,"Time Start":"10:00 AM","Time End":"12:00 PM","Boundaries":"Main St to Alvalon Bl- 79th st to Manchester Ave"},"geometry":null},{"type":"Feature","properties":{"Route No":"2P230 M","Council District":8,"Time Start":"10:00 AM","Time End":"12:00 PM","Boundaries":"79th st to Manchester Ave- Central Ave to Avalon Bl"},"geometry":null},{"type":"Feature","properties":{"Route No":"2P230 Tu","Council District":8,"Time Start":"10:00 AM","Time End":"12:00 PM","Boundaries":"79th st to Manchester Ave- Central Ave to Avalon Bl"},"geometry":null},{"type":"Feature","properties":{"Route No":"2P231 M","Council District":8,"Time Start":"9:30 AM","Time End":"11:30 AM","Boundaries":"Manchester Ave to 95th st-Avalon Bl to Main St"},"geometry":null},{"type":"Feature","properties":{"Route No":"2P231 Tu","Council District":8,"Time Start":"9:30 AM","Time End":"11:30 AM","Boundaries":"Manchester Ave to 95th st-Avalon Bl to Main St"},"geometry":null},{"type":"Feature","properties":{"Route No":"2P232 M","Council District":8,"Time Start":"12:00 PM","Time End":"2:30 PM","Boundaries":"Manchester Ave to 93rd St- Central Ave to Avalon Bl"},"geometry":null},{"type":"Feature","properties":{"Route No":"2P232 Tu","Council District":8,"Time Start":"12:00 PM","Time End":"2:30 PM","Boundaries":"Manchester Ave to 93rd St- Central Ave to Avalon Bl"},"geometry":null},{"type":"Feature","properties":{"Route No":"2P233 M","Council District":8,"Time Start":"7:30 AM","Time End":"9:30 AM","Boundaries":"98th st to 106th st- Central Ave to Avalon Bl"},"geometry":null},{"type":"Feature","properties":{"Route No":"2P233 Tu","Council District":8,"Time Start":"7:30 AM","Time End":"9:30 AM","Boundaries":"98th st to 106th st- Central Ave to Avalon Bl"},"geometry":null},{"type":"Feature","properties":{"Route No":"2P234 M","Council District":8,"Time Start":"12:00 PM","Time End":"2:30 PM","Boundaries":"Colden Ave to 91st St to 104th St- Main St to Figueroa St"},"geometry":null},{"type":"Feature","properties":{"Route No":"2P234 Tu","Council District":8,"Time Start":"12:00 PM","Time End":"2:30 PM","Boundaries":"Colden Ave to 91st St to 104th St- Main St to Figueroa St"},"geometry":null},{"type":"Feature","properties":{"Route No":"2P235 M","Council District":8,"Time Start":"8:00 AM","Time End":"10:00 AM","Boundaries":"93rd St to 98th st- Central Ave to Main St"},"geometry":null},{"type":"Feature","properties":{"Route No":"2P235 Tu","Council District":8,"Time Start":"8:00 AM","Time End":"10:00 AM","Boundaries":"93rd St to 98th st- Central Ave to Main St"},"geometry":null},{"type":"Feature","properties":{"Route No":"2P236 M","Council District":8,"Time Start":"9:30 AM","Time End":"11:30 AM","Boundaries":"9th St to 110th St - Avalon Bl to Main St"},"geometry":null},{"type":"Feature","properties":{"Route No":"2P236 Tu","Council District":8,"Time Start":"9:30 AM","Time End":"11:30 AM","Boundaries":"9th St to 110th St - Avalon Bl to Main St"},"geometry":null},{"type":"Feature","properties":{"Route No":"2P237 Th","Council District":15,"Time Start":"7:30 AM","Time End":"9:30 AM","Boundaries":"103rd to 110th St- Comton Ave to Avalon BL"},"geometry":null},{"type":"Feature","properties":{"Route No":"2P237 W","Council District":15,"Time Start":"7:30 AM","Time End":"9:30 AM","Boundaries":"103rd to 110th St- Comton Ave to Avalon BL"},"geometry":null},{"type":"Feature","properties":{"Route No":"2P238 Th","Council District":8,"Time Start":"12:00 PM","Time End":"2:30 PM","Boundaries":"104th to Imperial Hwy- main st to Figueroa St"},"geometry":null},{"type":"Feature","properties":{"Route No":"2P238 W","Council District":8,"Time Start":"12:00 PM","Time End":"2:30 PM","Boundaries":"104th to Imperial Hwy- main st to Figueroa St"},"geometry":null},{"type":"Feature","properties":{"Route No":"2P239 Th","Council District":8,"Time Start":"9:30 AM","Time End":"11:30 AM","Boundaries":"Imperial Hwy to City Limits- Main St to Figueroa St"},"geometry":null},{"type":"Feature","properties":{"Route No":"2P239 W","Council District":8,"Time Start":"9:30 AM","Time End":"11:30 AM","Boundaries":"Imperial Hwy to City Limits- Main St to Figueroa St"},"geometry":null},{"type":"Feature","properties":{"Route No":"2P240 Th","Council District":8,"Time Start":"7:30 AM","Time End":"9:30 AM","Boundaries":"111th St to 120th st Avalon Bl to Main St"},"geometry":null},{"type":"Feature","properties":{"Route No":"2P240 W","Council District":8,"Time Start":"7:30 AM","Time End":"9:30 AM","Boundaries":"111th St to 120th st Avalon Bl to Main St"},"geometry":null},{"type":"Feature","properties":{"Route No":"2P241 Th","Council District":8,"Time Start":"12:00 PM","Time End":"2:30 PM","Boundaries":"Imperial Hwy to 120th st -Central Ave to Avalon Bl"},"geometry":null},{"type":"Feature","properties":{"Route No":"2P241 W","Council District":8,"Time Start":"12:00 PM","Time End":"2:30 PM","Boundaries":"Imperial Hwy to 120th st -Central Ave to Avalon Bl"},"geometry":null},{"type":"Feature","properties":{"Route No":"2P242 Th","Council District":8,"Time Start":"9:30 AM","Time End":"11:30 AM","Boundaries":"108 st to Imperial Hwy-Zamora Ave & Central Ave to Avalon BL"},"geometry":null},{"type":"Feature","properties":{"Route No":"2P242 W","Council District":8,"Time Start":"9:30 AM","Time End":"11:30 AM","Boundaries":"108 st to Imperial Hwy-Zamora Ave & Central Ave to Avalon BL"},"geometry":null},{"type":"Feature","properties":{"Route No":"2P243 Th","Council District":15,"Time Start":"12:00 PM","Time End":"2:30 PM","Boundaries":"104th St & 113th st to City BDY- Croesus Ave & Willowbrook Ave - Graham Ave to Compton"},"geometry":null},{"type":"Feature","properties":{"Route No":"2P243 W","Council District":15,"Time Start":"12:00 PM","Time End":"2:30 PM","Boundaries":"104th St & 113th st to City BDY- Croesus Ave & Willowbrook Ave - Graham Ave to Compton"},"geometry":null},{"type":"Feature","properties":{"Route No":"2P244 Th","Council District":15,"Time Start":"9:30 AM","Time End":"11:30 AM","Boundaries":"103rd st to Imperial Hwy-Mona Bl to Graham ave"},"geometry":null},{"type":"Feature","properties":{"Route No":"2P244 W","Council District":15,"Time Start":"9:30 AM","Time End":"11:30 AM","Boundaries":"103rd st to Imperial Hwy-Mona Bl to Graham ave"},"geometry":null},{"type":"Feature","properties":{"Route No":"2P245 Th","Council District":15,"Time Start":"12:00 PM","Time End":"2:00 PM","Boundaries":"103rd st to Santa Ana Bl- City BDY to Willmington Ave"},"geometry":null},{"type":"Feature","properties":{"Route No":"2P245 W","Council District":15,"Time Start":"12:00 PM","Time End":"2:00 PM","Boundaries":"103rd st to Santa Ana Bl- City BDY to Willmington Ave"},"geometry":null},{"type":"Feature","properties":{"Route No":"2P246 M","Council District":8,"Time Start":"12:00 PM","Time End":"2:30 PM","Boundaries":"Manchester Ave & 85th st to Colden ave & 91st st -Main St to Figueroa"},"geometry":null},{"type":"Feature","properties":{"Route No":"2P246 Tu","Council District":8,"Time Start":"12:00 PM","Time End":"2:30 PM","Boundaries":"Manchester Ave & 85th st to Colden ave & 91st st -Main St to Figueroa"},"geometry":null},{"type":"Feature","properties":{"Route No":"2P247 F","Council District":15,"Time Start":"8:00 AM","Time End":"10:00 AM","Boundaries":"222 Street to 228th st - Normandie Ave to Western Ave"},"geometry":null},{"type":"Feature","properties":{"Route No":"2P247 W","Council District":15,"Time Start":"8:00 AM","Time End":"10:00 AM","Boundaries":"222 Street to 228th st - Normandie Ave to Western Ave"},"geometry":null},{"type":"Feature","properties":{"Route No":"2P248 F","Council District":15,"Time Start":"10:00 AM","Time End":"12:00 PM","Boundaries":"Torrance Bl to Carson St- Normandie Ave to Western Ave"},"geometry":null},{"type":"Feature","properties":{"Route No":"2P248 W","Council District":15,"Time Start":"10:00 AM","Time End":"12:00 PM","Boundaries":"Torrance Bl to Carson St- Normandie Ave to Western Ave"},"geometry":null},{"type":"Feature","properties":{"Route No":"2P249 F","Council District":15,"Time Start":"12:00 PM","Time End":"2:00 PM","Boundaries":"182nd St to 405fwy- Vermont Ave to Western Ave"},"geometry":null},{"type":"Feature","properties":{"Route No":"2P249 W","Council District":15,"Time Start":"12:00 PM","Time End":"2:00 PM","Boundaries":"182nd St to 405fwy- Vermont Ave to Western Ave"},"geometry":null},{"type":"Feature","properties":{"Route No":"2P318 M","Council District":8,"Time Start":"8:00 AM","Time End":"10:00 AM","Boundaries":"Manchester Ave to Colden Ave -Figueroa St to Vermont Ave"},"geometry":null},{"type":"Feature","properties":{"Route No":"2P318 Tu","Council District":8,"Time Start":"8:00 AM","Time End":"10:00 AM","Boundaries":"Manchester Ave to Colden Ave -Figueroa St to Vermont Ave"},"geometry":null},{"type":"Feature","properties":{"Route No":"2P319 M","Council District":8,"Time Start":"10:00 AM","Time End":"12:00 PM","Boundaries":"97th St to 106th st -Figueroa st to Vermont Ave"},"geometry":null},{"type":"Feature","properties":{"Route No":"2P319 Tu","Council District":8,"Time Start":"10:00 AM","Time End":"12:00 PM","Boundaries":"97th St to 106th st -Figueroa st to Vermont Ave"},"geometry":null},{"type":"Feature","properties":{"Route No":"2P320 M","Council District":8,"Time Start":"12:30 PM","Time End":"2:30 PM","Boundaries":"106th St to Imperial Hwy- Figueroa St to Vermont Ave"},"geometry":null},{"type":"Feature","properties":{"Route No":"2P320 Tu","Council District":8,"Time Start":"12:30 PM","Time End":"2:30 PM","Boundaries":"106th St to Imperial Hwy- Figueroa St to Vermont Ave"},"geometry":null},{"type":"Feature","properties":{"Route No":"3NP246 F","Council District":9,"Time Start":"4:00 AM","Time End":"6:30 AM","Boundaries":"Jefferson BL to MLK BL- Main St to Figueroa Ave"},"geometry":null},{"type":"Feature","properties":{"Route No":"3NP246 Th","Council District":9,"Time Start":"4:00 AM","Time End":"6:30 AM","Boundaries":"Jefferson BL to MLK BL- Main St to Figueroa Ave"},"geometry":null},{"type":"Feature","properties":{"Route No":"3NP248 Tu","Council District":9,"Time Start":"4:00 AM","Time End":"6:30 AM","Boundaries":"Santa Monica Fwy to Adams Blvd- Main St to Harbor Fwy"},"geometry":null},{"type":"Feature","properties":{"Route No":"3NP248 W","Council District":9,"Time Start":"4:00 AM","Time End":"6:30 AM","Boundaries":"Santa Monica Fwy to Adams Blvd- Main St to Harbor Fwy"},"geometry":null},{"type":"Feature","properties":{"Route No":"3NP249 Tu","Council District":9,"Time Start":"4:00 AM","Time End":"6:30 AM","Boundaries":"Adams Blvd to Jefferson Blvd- Main St to Figueroa St"},"geometry":null},{"type":"Feature","properties":{"Route No":"3NP249 W","Council District":9,"Time Start":"4:00 AM","Time End":"6:30 AM","Boundaries":"Adams Blvd to Jefferson Blvd- Main St to Figueroa St"},"geometry":null},{"type":"Feature","properties":{"Route No":"3NP310 M","Council District":9,"Time Start":"4:00 AM","Time End":"6:30 AM","Boundaries":"Washingon Blvd to 50th St-Alameda St to Long Beach Ave"},"geometry":null},{"type":"Feature","properties":{"Route No":"3NP310 Tu","Council District":9,"Time Start":"4:00 AM","Time End":"6:30 AM","Boundaries":"Washingon Blvd to 50th St-Alameda St to Long Beach Ave"},"geometry":null},{"type":"Feature","properties":{"Route No":"3P113 F","Council District":9,"Time Start":"12:00 PM","Time End":"2:00 PM","Boundaries":"32nd St to Slauson Ave-Central Ave to Hooper Ave "},"geometry":null},{"type":"Feature","properties":{"Route No":"3P113 Th","Council District":9,"Time Start":"12:00 PM","Time End":"2:00 PM","Boundaries":"32nd St to Slauson Ave-Central Ave to Hooper Ave "},"geometry":null},{"type":"Feature","properties":{"Route No":"3P114 F","Council District":9,"Time Start":"10:00 AM","Time End":"12:00 PM","Boundaries":"Martin L King Blvd to 57th Ave - Central Ave to McKinley Ave"},"geometry":null},{"type":"Feature","properties":{"Route No":"3P114 Th","Council District":9,"Time Start":"10:00 AM","Time End":"12:00 PM","Boundaries":"Martin L King Blvd to 57th Ave - Central Ave to McKinley Ave"},"geometry":null},{"type":"Feature","properties":{"Route No":"3P119 F","Council District":9,"Time Start":"12:00 PM","Time End":"2:00 PM","Boundaries":"Washington Blvd to 29th St - Hooper Ave to Central Ave"},"geometry":null},{"type":"Feature","properties":{"Route No":"3P119 Th","Council District":9,"Time Start":"12:00 PM","Time End":"2:00 PM","Boundaries":"Washington Blvd to 29th St - Hooper Ave to Central Ave"},"geometry":null},{"type":"Feature","properties":{"Route No":"3P123 M","Council District":8,"Time Start":"12:00 PM","Time End":"3:00 PM","Boundaries":"73rd to 79th st -Main St to Vermont Ave"},"geometry":null},{"type":"Feature","properties":{"Route No":"3P123 Tu","Council District":8,"Time Start":"12:00 PM","Time End":"3:00 PM","Boundaries":"73rd to 79th st -Main St to Vermont Ave"},"geometry":null},{"type":"Feature","properties":{"Route No":"3P161 M","Council District":8,"Time Start":"8:00 AM","Time End":"10:00 AM","Boundaries":"Slauson Ave to Gage Ave-Harbor Fwy to Vermont Ave"},"geometry":null},{"type":"Feature","properties":{"Route No":"3P161 Tu","Council District":8,"Time Start":"8:00 AM","Time End":"10:00 AM","Boundaries":"Slauson Ave to Gage Ave-Harbor Fwy to Vermont Ave"},"geometry":null},{"type":"Feature","properties":{"Route No":"3P204 F","Council District":9,"Time Start":"8:00 AM","Time End":"10:00 AM","Boundaries":"8th St to Olympic Blvd-Lorena St to Soto St "},"geometry":null},{"type":"Feature","properties":{"Route No":"3P204 Th","Council District":9,"Time Start":"8:00 AM","Time End":"10:00 AM","Boundaries":"8th St to Olympic Blvd-Lorena St to Soto St "},"geometry":null},{"type":"Feature","properties":{"Route No":"3P217 F","Council District":9,"Time Start":"8:00 AM","Time End":"10:00 AM","Boundaries":"Martin L King Blvd to 55th St McKinley Ave to Avalon Blvd"},"geometry":null},{"type":"Feature","properties":{"Route No":"3P217 Th","Council District":9,"Time Start":"8:00 AM","Time End":"10:00 AM","Boundaries":"Martin L King Blvd to 55th St McKinley Ave to Avalon Blvd"},"geometry":null},{"type":"Feature","properties":{"Route No":"3P226 M","Council District":8,"Time Start":"10:00 AM","Time End":"12:00 PM","Boundaries":"59th St to Florence Ave - Main St to Figueroa"},"geometry":null},{"type":"Feature","properties":{"Route No":"3P226 Tu","Council District":8,"Time Start":"10:00 AM","Time End":"12:00 PM","Boundaries":"59th St to Florence Ave - Main St to Figueroa"},"geometry":null},{"type":"Feature","properties":{"Route No":"3P227 M","Council District":8,"Time Start":"8:00 AM","Time End":"10:00 AM","Boundaries":"Slauson Ave to 65th st- Avalon Bl to Olive St"},"geometry":null},{"type":"Feature","properties":{"Route No":"3P227 Tu","Council District":8,"Time Start":"8:00 AM","Time End":"10:00 AM","Boundaries":"Slauson Ave to 65th st- Avalon Bl to Olive St"},"geometry":null},{"type":"Feature","properties":{"Route No":"3P228 M","Council District":8,"Time Start":"10:00 AM","Time End":"12:00 PM","Boundaries":"65th St to 77th St - Avalon Blvd to Main St"},"geometry":null},{"type":"Feature","properties":{"Route No":"3P228 Tu","Council District":8,"Time Start":"10:00 AM","Time End":"12:00 PM","Boundaries":"65th St to 77th St - Avalon Blvd to Main St"},"geometry":null},{"type":"Feature","properties":{"Route No":"3P229 M","Council District":8,"Time Start":"8:00 AM","Time End":"10:00 AM","Boundaries":"Florence Ave to 79th St- Central Ave to Main St & Avalon Blvd"},"geometry":null},{"type":"Feature","properties":{"Route No":"3P229 Tu","Council District":8,"Time Start":"8:00 AM","Time End":"10:00 AM","Boundaries":"Florence Ave to 79th St- Central Ave to Main St & Avalon Blvd"},"geometry":null},{"type":"Feature","properties":{"Route No":"3P247 M","Council District":9,"Time Start":"8:00 AM","Time End":"11:00 AM","Boundaries":"Vernon Ave to Slauson Ave- Figueroa St to Vermont Ave"},"geometry":null},{"type":"Feature","properties":{"Route No":"3P247 W","Council District":9,"Time Start":"8:00 AM","Time End":"11:00 AM","Boundaries":"Vernon Ave to Saluson Ave - Figueroa St to Vermont Ave"},"geometry":null},{"type":"Feature","properties":{"Route No":"3P250 F","Council District":9,"Time Start":"10:00 AM","Time End":"12:00 PM","Boundaries":"Main St to Avalon Blvd-Vernon Ave to 58th St"},"geometry":null},{"type":"Feature","properties":{"Route No":"3P250 Th","Council District":9,"Time Start":"10:00 AM","Time End":"12:00 PM","Boundaries":"Main St to Avalon Blvd-Vernon Ave to 58th St"},"geometry":null},{"type":"Feature","properties":{"Route No":"3P251 F","Council District":9,"Time Start":"8:00 AM","Time End":"10:00 AM","Boundaries":"16th St to Jefferson Blvd-Main St to San Pedro St"},"geometry":null},{"type":"Feature","properties":{"Route No":"3P251 Th","Council District":9,"Time Start":"8:00 AM","Time End":"10:00 AM","Boundaries":"16th St to Jefferson Blvd-Main St to San Pedro St"},"geometry":null},{"type":"Feature","properties":{"Route No":"3P252 F","Council District":9,"Time Start":"12:00 PM","Time End":"2:00 PM","Boundaries":"Jefferson Blvd to Vernon Ave-Main St to Avalon Blvd"},"geometry":null},{"type":"Feature","properties":{"Route No":"3P252 Th","Council District":9,"Time Start":"12:00 PM","Time End":"2:00 PM","Boundaries":"Jefferson Blvd to Vernon Ave-Main St to Avalon Blvd"},"geometry":null},{"type":"Feature","properties":{"Route No":"3P256 Tu","Council District":"8/9","Time Start":"8:00 AM","Time End":"11:00 AM","Boundaries":"Santa Monica Fwy to Jefferson Blvd-Harbor Fwy to Vermont Ave"},"geometry":null},{"type":"Feature","properties":{"Route No":"3P256 W","Council District":"8/9","Time Start":"8:00 AM","Time End":"11:00 AM","Boundaries":"Santa Monica Fwy to Jefferson Blvd-Harbor Fwy to Vermont Ave"},"geometry":null},{"type":"Feature","properties":{"Route No":"3P273 F","Council District":14,"Time Start":"10:00 AM","Time End":"12:00 PM","Boundaries":"Santa Ana Fwy to 8th St-Indiana St to Fickett St"},"geometry":null},{"type":"Feature","properties":{"Route No":"3P273 Th","Council District":14,"Time Start":"10:00 AM","Time End":"12:00 PM","Boundaries":"Santa Ana Fwy to 8th St-Indiana St to Fickett St"},"geometry":null},{"type":"Feature","properties":{"Route No":"3P303 F","Council District":9,"Time Start":"8:00 AM","Time End":"10:00 AM","Boundaries":"Martin L King Blvd to Slauson Ave - Grand Ave to Main St"},"geometry":null},{"type":"Feature","properties":{"Route No":"3P303 Th","Council District":9,"Time Start":"8:00 AM","Time End":"10:00 AM","Boundaries":"Martin L King Blvd to Slauson Ave - Grand Ave to Main St"},"geometry":null},{"type":"Feature","properties":{"Route No":"3P304 F","Council District":9,"Time Start":"8:00 AM","Time End":"10:00 AM","Boundaries":"21st St to 41st St - Long Beach Ave to Hooper Ave"},"geometry":null},{"type":"Feature","properties":{"Route No":"3P304 Th","Council District":9,"Time Start":"8:00 AM","Time End":"10:00 AM","Boundaries":"21st St to 41st St - Long Beach Ave to Hooper Ave"},"geometry":null},{"type":"Feature","properties":{"Route No":"3P305 F","Council District":9,"Time Start":"10:00 AM","Time End":"12:00 PM","Boundaries":"41st St to 48th Pl - Long Beach Ave to Hooper Ave"},"geometry":null},{"type":"Feature","properties":{"Route No":"3P305 Th","Council District":9,"Time Start":"10:00 AM","Time End":"12:00 PM","Boundaries":"41st St to 48th Pl - Long Beach Ave to Hooper Ave"},"geometry":null},{"type":"Feature","properties":{"Route No":"3P306 F","Council District":9,"Time Start":"12:00 PM","Time End":"2:00 PM","Boundaries":"48th St to Slauson Ave-Long Beach Ave to Hooper Ave   McGarry St to Long Beach Ave-51st St to 55th St"},"geometry":null},{"type":"Feature","properties":{"Route No":"3P306 Th","Council District":9,"Time Start":"12:00 PM","Time End":"2:00 PM","Boundaries":"48th St to Slauson Ave-Long Beach Ave to Hooper Ave   McGarry St to Long Beach Ave-51st St to 55th St"},"geometry":null},{"type":"Feature","properties":{"Route No":"3P307 F","Council District":9,"Time Start":"10:00 AM","Time End":"1:00 PM","Boundaries":"Washington Bl to Martin L King Bl-Central Ave to San Pedro St"},"geometry":null},{"type":"Feature","properties":{"Route No":"3P307 Th","Council District":9,"Time Start":"10:00 AM","Time End":"1:00 PM","Boundaries":"Washington Bl to Martin L King Bl-Central Ave to San Pedro St"},"geometry":null},{"type":"Feature","properties":{"Route No":"3P308 M","Council District":9,"Time Start":"11:00 AM","Time End":"2:00 PM","Boundaries":"Exposition Blvd to Vernon Ave-Harbor Fwy to Vermont Ave- Vernon Ave to Slauson Ave-Harbor Fwy to Figueroa St"},"geometry":null},{"type":"Feature","properties":{"Route No":"3P308 W","Council District":9,"Time Start":"11:00 AM","Time End":"2:00 PM","Boundaries":"Exposition Blvd to Vernon Ave-Harbor Fwy to Vermont Ave- Vernon Ave to Slauson Ave-Harbor Fwy to Figueroa St"},"geometry":null},{"type":"Feature","properties":{"Route No":"3P309 M","Council District":8,"Time Start":"10:00 AM","Time End":"12:00 PM","Boundaries":"Gage St to Florence Ave- Flower St to Vermont Ave"},"geometry":null},{"type":"Feature","properties":{"Route No":"3P309 Tu","Council District":8,"Time Start":"10:00 AM","Time End":"12:00 PM","Boundaries":"Gage St to Florence Ave- Flower St to Vermont Ave"},"geometry":null},{"type":"Feature","properties":{"Route No":"3P311 M","Council District":9,"Time Start":"12:00 PM","Time End":"2:00 PM","Boundaries":"52nd St to Slauson Ave-Alameda St to Long Beach Ave"},"geometry":null},{"type":"Feature","properties":{"Route No":"3P311 Tu","Council District":9,"Time Start":"12:00 PM","Time End":"2:00 PM","Boundaries":"52nd St to Slauson Ave-Alameda St to Long Beach Ave"},"geometry":null},{"type":"Feature","properties":{"Route No":"4P109 M","Council District":13,"Time Start":"8:00 AM","Time End":"11:00 AM","Boundaries":"Virgil Ave to Vermont - Oakwood Ave to 3rd st"},"geometry":null},{"type":"Feature","properties":{"Route No":"4P109 Tu","Council District":13,"Time Start":"8:00 AM","Time End":"11:00 AM","Boundaries":"Virgil Ave to Vermont - Oakwood Ave to 3rd st"},"geometry":null},{"type":"Feature","properties":{"Route No":"4P122 F","Council District":1,"Time Start":"12:00 PM","Time End":"3:00 PM","Boundaries":"Lake St to LaFayette Park Pl - 6th st to Olympic Bl"},"geometry":null},{"type":"Feature","properties":{"Route No":"4P122 Th","Council District":1,"Time Start":"12:00 PM","Time End":"3:00 PM","Boundaries":"Lake St to LaFayette Park Pl - 6th st to Olympic Bl"},"geometry":null},{"type":"Feature","properties":{"Route No":"4P123 F","Council District":"1/10","Time Start":"12:00 PM","Time End":"2:00 PM","Boundaries":"6th st to Olympic Bl- Hoover St to Vermont Ave"},"geometry":null},{"type":"Feature","properties":{"Route No":"4P123 Th","Council District":"1/10","Time Start":"12:00 PM","Time End":"2:00 PM","Boundaries":"6th st to Olympic Bl- Hoover St to Vermont Ave"},"geometry":null},{"type":"Feature","properties":{"Route No":"4P130 F","Council District":1,"Time Start":"10:00 AM","Time End":"12:00 PM","Boundaries":"Olympic Bl to Pico Bl- Alvarado st to Vermont Ave"},"geometry":null},{"type":"Feature","properties":{"Route No":"4P130 Th","Council District":1,"Time Start":"10:00 AM","Time End":"12:00 PM","Boundaries":"Olympic Bl to Pico Bl- Alvarado st to Vermont Ave"},"geometry":null},{"type":"Feature","properties":{"Route No":"4P131 Tu","Council District":14,"Time Start":"10:00 AM","Time End":"12:00 PM","Boundaries":"Cesar Chavez Ave to 6th st- Mott St to Cummings St"},"geometry":null},{"type":"Feature","properties":{"Route No":"4P131 W","Council District":14,"Time Start":"10:00 AM","Time End":"12:00 PM","Boundaries":"Cesar Chavez Ave to 6th st- Mott St to Cummings St"},"geometry":null},{"type":"Feature","properties":{"Route No":"4P132 F","Council District":14,"Time Start":"8:00 AM","Time End":"11:00 AM","Boundaries":"4th st to Santa Ana Fwy- Euclid St to Boyle Ave"},"geometry":null},{"type":"Feature","properties":{"Route No":"4P132 Th","Council District":14,"Time Start":"8:00 AM","Time End":"11:00 AM","Boundaries":"4th st to Santa Ana Fwy- Euclid St to Boyle Ave"},"geometry":null},{"type":"Feature","properties":{"Route No":"4P166 F","Council District":"1/9","Time Start":"10:00 AM","Time End":"12:00 PM","Boundaries":"Olympic Bl to Pico Bl- Georgia St to Alvarado St"},"geometry":null},{"type":"Feature","properties":{"Route No":"4P166 Th","Council District":"1/9","Time Start":"10:00 AM","Time End":"12:00 PM","Boundaries":"Olympic Bl to Pico Bl- Georgia St to Alvarado St"},"geometry":null},{"type":"Feature","properties":{"Route No":"4P167 F","Council District":"1/9","Time Start":"8:00 AM","Time End":"10:00 AM","Boundaries":"Pico Bl to Santa Monica Fwy- Bonnie Brae to Vermont Ave"},"geometry":null},{"type":"Feature","properties":{"Route No":"4P167 Th","Council District":"1/9","Time Start":"8:00 AM","Time End":"10:00 AM","Boundaries":"Pico Bl to Santa Monica Fwy- Bonnie Brae to Vermont Ave"},"geometry":null},{"type":"Feature","properties":{"Route No":"4P168 F","Council District":1,"Time Start":"8:00 AM","Time End":"10:00 AM","Boundaries":"Pico Bl to Santa Monica fwy- Harbor Fwy to Hoover St"},"geometry":null},{"type":"Feature","properties":{"Route No":"4P168 Th","Council District":1,"Time Start":"8:00 AM","Time End":"10:00 AM","Boundaries":"Pico Bl to Santa Monica fwy- Harbor Fwy to Hoover St"},"geometry":null},{"type":"Feature","properties":{"Route No":"4P178 M","Council District":13,"Time Start":"12:00 PM","Time End":"3:00 PM","Boundaries":"Beverly Bl to 3rd St- Loma Dr to Alvarado St"},"geometry":null},{"type":"Feature","properties":{"Route No":"4P178 Tu","Council District":13,"Time Start":"12:00 PM","Time End":"3:00 PM","Boundaries":"Beverly Bl to 3rd St- Loma Dr to Alvarado St"},"geometry":null},{"type":"Feature","properties":{"Route No":"4P179 M","Council District":13,"Time Start":"8:00 AM","Time End":"11:00 AM","Boundaries":"Ross Loos Pl to Beverly Bl - Union Ave to Alvarado st"},"geometry":null},{"type":"Feature","properties":{"Route No":"4P179 Tu","Council District":13,"Time Start":"8:00 AM","Time End":"11:00 AM","Boundaries":"Ross Loos Pl to Beverly Bl - Union Ave to Alvarado st"},"geometry":null},{"type":"Feature","properties":{"Route No":"4P180 M","Council District":1,"Time Start":"12:00 PM","Time End":"3:00 PM","Boundaries":"3rd St to 6th st- Loma Dr toAlvarado St"},"geometry":null},{"type":"Feature","properties":{"Route No":"4P180 Tu","Council District":1,"Time Start":"12:00 PM","Time End":"3:00 PM","Boundaries":"3rd St to 6th st- Loma Dr toAlvarado St"},"geometry":null},{"type":"Feature","properties":{"Route No":"4P181 M","Council District":13,"Time Start":"8:00 AM","Time End":"11:00 AM","Boundaries":"Palo Alto St to Beverly Bl- Glendale Bl to Union Ave"},"geometry":null},{"type":"Feature","properties":{"Route No":"4P181 Tu","Council District":13,"Time Start":"8:00 AM","Time End":"11:00 AM","Boundaries":"Palo Alto St to Beverly Bl- Glendale Bl to Union Ave"},"geometry":null},{"type":"Feature","properties":{"Route No":"4P182 M","Council District":13,"Time Start":"10:00 AM","Time End":"1:00 PM","Boundaries":"Temple St to 3rd St- Alvarado Bl to Rampart Bl"},"geometry":null},{"type":"Feature","properties":{"Route No":"4P182 Tu","Council District":13,"Time Start":"10:00 AM","Time End":"1:00 PM","Boundaries":"Temple St to 3rd St- Alvarado Bl to Rampart Bl"},"geometry":null},{"type":"Feature","properties":{"Route No":"4P183 F","Council District":1,"Time Start":"12:00 PM","Time End":"3:00 PM","Boundaries":"6th st to 7th st -Harbor Fwy to Alvarado St"},"geometry":null},{"type":"Feature","properties":{"Route No":"4P183 Th","Council District":1,"Time Start":"12:00 PM","Time End":"3:00 PM","Boundaries":"6th st to 7th st -Harbor Fwy to Alvarado St"},"geometry":null},{"type":"Feature","properties":{"Route No":"4P184 F","Council District":1,"Time Start":"12:00 PM","Time End":"3:00 PM","Boundaries":"7th st to Olympic Bl- Harbor Fwy to to Alvarado St"},"geometry":null},{"type":"Feature","properties":{"Route No":"4P184 Th","Council District":1,"Time Start":"12:00 PM","Time End":"3:00 PM","Boundaries":"7th st to Olympic Bl- Harbor Fwy to to Alvarado St"},"geometry":null},{"type":"Feature","properties":{"Route No":"4P185 M","Council District":"1/13","Time Start":"12:00 PM","Time End":"3:00 PM","Boundaries":"Beverly Bl to 6th st- Lake st to Dillon St"},"geometry":null},{"type":"Feature","properties":{"Route No":"4P185 Tu","Council District":"1/13","Time Start":"12:00 PM","Time End":"3:00 PM","Boundaries":"Beverly Bl to 6th st- Lake st to Dillon St"},"geometry":null},{"type":"Feature","properties":{"Route No":"4P186 M","Council District":13,"Time Start":"10:00 AM","Time End":"1:00 PM","Boundaries":"Temple St to 3rd St- Alvarado St to Rampart Bl"},"geometry":null},{"type":"Feature","properties":{"Route No":"4P186 Tu","Council District":13,"Time Start":"10:00 AM","Time End":"1:00 PM","Boundaries":"Temple St to 3rd St- Alvarado St to Rampart Bl"},"geometry":null},{"type":"Feature","properties":{"Route No":"4P209 M","Council District":1,"Time Start":"8:00 AM","Time End":"11:00 AM","Boundaries":"Hollywood Fwy to 2nd St- Harbor Fwy to Glendale Bl"},"geometry":null},{"type":"Feature","properties":{"Route No":"4P209 Tu","Council District":1,"Time Start":"8:00 AM","Time End":"11:00 AM","Boundaries":"Hollywood Fwy to 2nd St- Harbor Fwy to Glendale Bl"},"geometry":null},{"type":"Feature","properties":{"Route No":"4P210 F","Council District":14,"Time Start":"12:00 PM","Time End":"3:00 PM","Boundaries":"4th st to Santa Ana Fwy- Mott St to Lorena St"},"geometry":null},{"type":"Feature","properties":{"Route No":"4P210 Th","Council District":14,"Time Start":"12:00 PM","Time End":"3:00 PM","Boundaries":"4th st to Santa Ana Fwy- Mott St to Lorena St"},"geometry":null},{"type":"Feature","properties":{"Route No":"4P214 M","Council District":"1/13","Time Start":"10:00 AM","Time End":"1:00 PM","Boundaries":"Beverly Bl to 6th St- Loma Dr to Beaudry Ave"},"geometry":null},{"type":"Feature","properties":{"Route No":"4P214 Tu","Council District":"1/13","Time Start":"10:00 AM","Time End":"1:00 PM","Boundaries":"Beverly Bl to 6th St- Loma Dr to Beaudry Ave"},"geometry":null},{"type":"Feature","properties":{"Route No":"4P220 Tu","Council District":14,"Time Start":"12:00 PM","Time End":"3:00 PM","Boundaries":"Cesar Chavez Ave to 6th St- Golden State Fwy to Anderson St"},"geometry":null},{"type":"Feature","properties":{"Route No":"4P220 W","Council District":14,"Time Start":"12:00 PM","Time End":"3:00 PM","Boundaries":"Cesar Chavez Ave to 6th St- Golden State Fwy to Anderson St"},"geometry":null},{"type":"Feature","properties":{"Route No":"4P221 Tu","Council District":14,"Time Start":"8:00 AM","Time End":"10:00 AM","Boundaries":"Indiana St to Mott St- Ceasar S Chavez Bl to 6th st"},"geometry":null},{"type":"Feature","properties":{"Route No":"4P221 W","Council District":14,"Time Start":"8:00 AM","Time End":"10:00 AM","Boundaries":"Indiana St to Mott St- Ceasar S Chavez Bl to 6th st"},"geometry":null},{"type":"Feature","properties":{"Route No":"4P224 F","Council District":14,"Time Start":"9:00 AM","Time End":"12:00 PM","Boundaries":"4th St to Santa Ana fwy- Indiana St to Lorean St"},"geometry":null},{"type":"Feature","properties":{"Route No":"4P224 Th","Council District":14,"Time Start":"9:00 AM","Time End":"12:00 PM","Boundaries":"4th St to Santa Ana fwy- Indiana St to Lorean St"},"geometry":null},{"type":"Feature","properties":{"Route No":"5NP296 F","Council District":"1/14","Time Start":"4:00 AM","Time End":"6:30 AM","Boundaries":"Pasadena Fwy to N.Main / Pasadena Av to Sunset Bl"},"geometry":null},{"type":"Feature","properties":{"Route No":"5NP296 Th","Council District":"1/14","Time Start":"4:00 AM","Time End":"6:30 AM","Boundaries":"Pasadena Fwy to N.Main / Pasadena Av to Sunset Bl"},"geometry":null},{"type":"Feature","properties":{"Route No":"5NP317 Tu","Council District":1,"Time Start":"4:00 AM","Time End":"6:30 AM","Boundaries":"Pasadena Fwy to Pasadena Av / Pasadena Av to Golden State Fwy"},"geometry":null},{"type":"Feature","properties":{"Route No":"5NP317 W","Council District":1,"Time Start":"4:00 AM","Time End":"6:30 AM","Boundaries":"Pasadena Fwy to Pasadena Av / Pasadena Av to Golden State Fwy"},"geometry":null},{"type":"Feature","properties":{"Route No":"5NP401 F","Council District":14,"Time Start":"4:00 AM","Time End":"6:30 AM","Boundaries":"East Lake Av, Alcaraz St to Marengo St / Soto St to Mission Rd, Narva St"},"geometry":null},{"type":"Feature","properties":{"Route No":"5NP401 Th","Council District":14,"Time Start":"4:00 AM","Time End":"6:30 AM","Boundaries":"East Lake Av, Alcaraz St to Marengo St / Soto St to Mission Rd, Narva St"},"geometry":null},{"type":"Feature","properties":{"Route No":"5P100 F","Council District":14,"Time Start":"8:00 AM","Time End":"10:00 AM","Boundaries":"Yoakum St to Huntington Dr / Tampico to Collis Avs"},"geometry":null},{"type":"Feature","properties":{"Route No":"5P100 Th","Council District":14,"Time Start":"8:00 AM","Time End":"10:00 AM","Boundaries":"Yoakum St to Huntington Dr / Tampico to Collis Avs"},"geometry":null},{"type":"Feature","properties":{"Route No":"5P101 F","Council District":14,"Time Start":"10:00 AM","Time End":"12:00 PM","Boundaries":"Huntington Dr South to Templeton St / Los Angeles City Line to Eastern Av"},"geometry":null},{"type":"Feature","properties":{"Route No":"5P101 Th","Council District":14,"Time Start":"10:00 AM","Time End":"12:00 PM","Boundaries":"Huntington Dr South to Templeton St / Los Angeles City Line to Eastern Av"},"geometry":null},{"type":"Feature","properties":{"Route No":"5P102 F","Council District":14,"Time Start":"12:00 PM","Time End":"2:00 PM","Boundaries":"Templeton St to Alhambra Av / Los Angeles City Line to Far Place"},"geometry":null},{"type":"Feature","properties":{"Route No":"5P102 Th","Council District":14,"Time Start":"12:00 PM","Time End":"2:00 PM","Boundaries":"Templeton St to Alhambra Av / Los Angeles City Line to Far Place"},"geometry":null},{"type":"Feature","properties":{"Route No":"5P179 Tu","Council District":14,"Time Start":"7:30 AM","Time End":"9:00 AM","Boundaries":"Main to Clara Sts / Leroy to Elmyra/Avilla Sts"},"geometry":null},{"type":"Feature","properties":{"Route No":"5P179 W","Council District":14,"Time Start":"7:30 AM","Time End":"9:00 AM","Boundaries":"Main to Clara Sts / Leroy to Elmyra/Avilla Sts"},"geometry":null},{"type":"Feature","properties":{"Route No":"5P180 Tu","Council District":14,"Time Start":"8:00 AM","Time End":"10:00 AM","Boundaries":"Wabash Av to Ceasar Chavez Ave /Soto st to Evergreen Ave"},"geometry":null},{"type":"Feature","properties":{"Route No":"5P180 W","Council District":14,"Time Start":"8:00 AM","Time End":"10:00 AM","Boundaries":"Wabash Av to Ceasar Chavez Ave /Soto st to Evergreen Ave"},"geometry":null},{"type":"Feature","properties":{"Route No":"5P181 Tu","Council District":14,"Time Start":"9:00 AM","Time End":"11:00 AM","Boundaries":"Wabash Ave /Malabar st to Cesar Chavez/Indianan st to Soto st"},"geometry":null},{"type":"Feature","properties":{"Route No":"5P181 W","Council District":14,"Time Start":"9:00 AM","Time End":"11:00 AM","Boundaries":"Wabash Ave /Malabar st to Cesar Chavez/Indianan st to Soto st"},"geometry":null},{"type":"Feature","properties":{"Route No":"5P220 F","Council District":"1/14","Time Start":"10:00 AM","Time End":"12:00 PM","Boundaries":"Sunset Bl to Bellevue Av/ Beaudry Av to Glendale Av"},"geometry":null},{"type":"Feature","properties":{"Route No":"5P220 Th","Council District":"1/14","Time Start":"10:00 AM","Time End":"12:00 PM","Boundaries":"Sunset Bl to Bellevue Av/ Beaudry Av to Glendale Av"},"geometry":null},{"type":"Feature","properties":{"Route No":"5P221 F","Council District":"1/14","Time Start":"9:00 AM","Time End":"11:00 AM","Boundaries":"Elysian Park ave to 101 fwy/Sunset Bl to Figueroa st / Figueroa terr"},"geometry":null},{"type":"Feature","properties":{"Route No":"5P221 Th","Council District":"1/14","Time Start":"9:00 AM","Time End":"11:00 AM","Boundaries":"Elysian Park ave to 101 fwy/Sunset Bl to Figueroa st / Figueroa terr"},"geometry":null},{"type":"Feature","properties":{"Route No":"5P222 F","Council District":1,"Time Start":"10:00 AM","Time End":"12:00 PM","Boundaries":"Figueroa St/Figueroa Terr to N Broadway/Boston St  to Salano av"},"geometry":null},{"type":"Feature","properties":{"Route No":"5P222 Th","Council District":1,"Time Start":"10:00 AM","Time End":"12:00 PM","Boundaries":"Figueroa St/Figueroa Terr to N Broadway/Boston St  to Salano av"},"geometry":null},{"type":"Feature","properties":{"Route No":"5P223 F","Council District":13,"Time Start":"8:00 AM","Time End":"10:00 AM","Boundaries":"Altivo way to sunset Bl- douglas st to glendale Bl"},"geometry":null},{"type":"Feature","properties":{"Route No":"5P223 Th","Council District":13,"Time Start":"8:00 AM","Time End":"10:00 AM","Boundaries":"Altivo way to sunset Bl- douglas st to glendale Bl"},"geometry":null},{"type":"Feature","properties":{"Route No":"5P253 Tu","Council District":1,"Time Start":"10:00 AM","Time End":"12:00 PM","Boundaries":"N Broadway to Main St/ Mission rd to Golden State Fwy"},"geometry":null},{"type":"Feature","properties":{"Route No":"5P253 W","Council District":1,"Time Start":"10:00 AM","Time End":"12:00 PM","Boundaries":"N Broadway to Main St/ Mission rd to Golden State Fwy"},"geometry":null},{"type":"Feature","properties":{"Route No":"5P254 F","Council District":13,"Time Start":"12:00 PM","Time End":"2:00 PM","Boundaries":"Newell St to Barclay st/Los Angeles River to Golden State fwy"},"geometry":null},{"type":"Feature","properties":{"Route No":"5P254 Th","Council District":13,"Time Start":"12:00 PM","Time End":"2:00 PM","Boundaries":"Newell St to Barclay st/Los Angeles River to Golden State fwy"},"geometry":null},{"type":"Feature","properties":{"Route No":"5P255 Tu","Council District":14,"Time Start":"11:30 AM","Time End":"1:30 pm","Boundaries":"San Bernadino Fwy to Malabar st- LA County Line to Soto st"},"geometry":null},{"type":"Feature","properties":{"Route No":"5P255 W","Council District":14,"Time Start":"11:30 AM","Time End":"1:30 pm","Boundaries":"San Bernadino Fwy to Malabar st- LA County Line to Soto st"},"geometry":null},{"type":"Feature","properties":{"Route No":"5P257 Tu","Council District":1,"Time Start":"8:00 AM","Time End":"10:00 AM","Boundaries":"Montecito Dr to N Broadway- Griffin Av to Pasadena Ave"},"geometry":null},{"type":"Feature","properties":{"Route No":"5P257 W","Council District":1,"Time Start":"8:00 AM","Time End":"10:00 AM","Boundaries":"Montecito Dr to N Broadway- Griffin Av to Pasadena Ave"},"geometry":null},{"type":"Feature","properties":{"Route No":"5P259 Tu","Council District":14,"Time Start":"12:30 PM","Time End":"2:30 PM","Boundaries":"Marengo St to Cesar Chavez- Soto St to Mission Rd"},"geometry":null},{"type":"Feature","properties":{"Route No":"5P259 W","Council District":14,"Time Start":"12:30 PM","Time End":"2:30 PM","Boundaries":"Marengo St to Cesar Chavez- Soto St to Mission Rd"},"geometry":null},{"type":"Feature","properties":{"Route No":"5P311 Tu","Council District":14,"Time Start":"7:30 AM","Time End":"10:30 AM","Boundaries":"Main st to Marengo St- Indiana St to Golden State Fwy"},"geometry":null},{"type":"Feature","properties":{"Route No":"5P311 W","Council District":14,"Time Start":"7:30 AM","Time End":"10:30 AM","Boundaries":"Main st to Marengo St- Indiana St to Golden State Fwy"},"geometry":null},{"type":"Feature","properties":{"Route No":"5P312 Tu","Council District":14,"Time Start":"10:00 AM","Time End":"12:00 PM","Boundaries":"Valley Blvd to Bohlig rd-Highburg av to Lansdowne Ave"},"geometry":null},{"type":"Feature","properties":{"Route No":"5P312 W","Council District":14,"Time Start":"10:00 AM","Time End":"12:00 PM","Boundaries":"Valley Blvd to Bohlig rd-Highburg av to Lansdowne Ave"},"geometry":null},{"type":"Feature","properties":{"Route No":"5P315 Tu","Council District":1,"Time Start":"12:30 PM","Time End":"2:30 PM","Boundaries":"Roberta st to Broadway-sierra St to Griffin ave"},"geometry":null},{"type":"Feature","properties":{"Route No":"5P315 W","Council District":1,"Time Start":"12:30 PM","Time End":"2:30 PM","Boundaries":"Roberta st to Broadway-sierra St to Griffin ave"},"geometry":null},{"type":"Feature","properties":{"Route No":"5P316 F","Council District":13,"Time Start":"11:30 AM","Time End":"1:30 PM","Boundaries":"Glendale Fwy to Newell st- Los angeles River to Golden State fwy"},"geometry":null},{"type":"Feature","properties":{"Route No":"5P316 Th","Council District":13,"Time Start":"11:30 AM","Time End":"1:30 PM","Boundaries":"Glendale Fwy to Newell st- Los angeles River to Golden State fwy"},"geometry":null},{"type":"Feature","properties":{"Route No":"6NP184 F","Council District":"1/14","Time Start":"4:00 AM","Time End":"6:30 AM","Boundaries":"York Bl to Pasedana fwy-Figueroa St to Avenue 50"},"geometry":null},{"type":"Feature","properties":{"Route No":"6NP184 W","Council District":"1/14","Time Start":"4:00 AM","Time End":"6:30 AM","Boundaries":"York Bl to Pasedana fwy-Figueroa St to Avenue 50"},"geometry":null},{"type":"Feature","properties":{"Route No":"6P168 Th","Council District":14,"Time Start":"12:00 PM","Time End":"2:00 PM","Boundaries":"Meridian st to Roble Ave-Avenue 66 to Figueroa St"},"geometry":null},{"type":"Feature","properties":{"Route No":"6P168 W","Council District":14,"Time Start":"12:00 PM","Time End":"2:00 PM","Boundaries":"Meridian st to Roble Ave-Avenue 66 to Figueroa St"},"geometry":null},{"type":"Feature","properties":{"Route No":"6P169 Th","Council District":1,"Time Start":"7:30 AM","Time End":"9:30 AM","Boundaries":"Figueroa St to Pasadena Fwy- Avenue 44 to Avenue 37"},"geometry":null},{"type":"Feature","properties":{"Route No":"6P169 W","Council District":1,"Time Start":"7:30 AM","Time End":"9:30 AM","Boundaries":"Figueroa St to Pasadena Fwy- Avenue 44 to Avenue 37"},"geometry":null},{"type":"Feature","properties":{"Route No":"6P170 Th","Council District":1,"Time Start":"8:00 AM","Time End":"10:00 AM","Boundaries":"Isabel St to Cypress Ave- Pasadena Ave to Cazador st"},"geometry":null},{"type":"Feature","properties":{"Route No":"6P170 W","Council District":1,"Time Start":"8:00 AM","Time End":"10:00 AM","Boundaries":"Isabel St to Cypress Ave- Pasadena Ave to Cazador st"},"geometry":null},{"type":"Feature","properties":{"Route No":"6P171 Th","Council District":1,"Time Start":"9:00 AM","Time End":"11:00 AM","Boundaries":"Cypress Ave to San Fernando rd- Figueroa to Division St"},"geometry":null},{"type":"Feature","properties":{"Route No":"6P171 W","Council District":1,"Time Start":"9:00 AM","Time End":"11:00 AM","Boundaries":"Cypress Ave to San Fernando rd- Figueroa to Division St"},"geometry":null},{"type":"Feature","properties":{"Route No":"6P258 Th","Council District":"1/14","Time Start":"8:00 AM","Time End":"10:00 AM","Boundaries":"Stradford Rd to Buchanan St- Avenue 54 to Eagle Rock Bl"},"geometry":null},{"type":"Feature","properties":{"Route No":"6P258 W","Council District":"1/14","Time Start":"8:00 AM","Time End":"10:00 AM","Boundaries":"Stradford Rd to Buchanan St- Avenue 54 to Eagle Rock Bl"},"geometry":null},{"type":"Feature","properties":{"Route No":"6P259 Th","Council District":1,"Time Start":"9:00 AM","Time End":"11:00 AM","Boundaries":"Meridian St to Aldama St- Figueroa to Avenue 54"},"geometry":null},{"type":"Feature","properties":{"Route No":"6P259 W","Council District":1,"Time Start":"9:00 AM","Time End":"11:00 AM","Boundaries":"Meridian St to Aldama St- Figueroa to Avenue 54"},"geometry":null},{"type":"Feature","properties":{"Route No":"6P313 Th","Council District":1,"Time Start":"12:00 PM","Time End":"2:00 PM","Boundaries":"Chapman St to Marguerite St- Avenue 36 to Avenue 32"},"geometry":null},{"type":"Feature","properties":{"Route No":"6P313 W","Council District":1,"Time Start":"12:00 PM","Time End":"2:00 PM","Boundaries":"Chapman St to Marguerite St- Avenue 36 to Avenue 32"},"geometry":null},{"type":"Feature","properties":{"Route No":"6P314 Th","Council District":"1/14","Time Start":"11:00 AM","Time End":"1:00 PM","Boundaries":"Colorado Bl to Yosemite Dr-Townsend Ave to Eagle Rock Bl"},"geometry":null},{"type":"Feature","properties":{"Route No":"6P314 W","Council District":"1/14","Time Start":"11:00 AM","Time End":"1:00 PM","Boundaries":"Colorado Bl to Yosemite Dr-Townsend Ave to Eagle Rock Bl"},"geometry":null},{"type":"Feature","properties":{"Route No":"6P352 Th","Council District":14,"Time Start":"11:00 AM","Time End":"1:00 PM","Boundaries":"Marmion Wy to Bertha St- Pasadena Fwy to Figueroa St"},"geometry":null},{"type":"Feature","properties":{"Route No":"6P352 W","Council District":14,"Time Start":"11:00 AM","Time End":"1:00 PM","Boundaries":"Marmion Wy to Bertha St- Pasadena Fwy to Figueroa St"},"geometry":null},{"type":"Feature","properties":{"Route No":"7P109 F","Council District":13,"Time Start":"10:00 AM","Time End":"12:00 PM","Boundaries":"Franklin to Fountain / Nornmandie to Wilton pl,"},"geometry":null},{"type":"Feature","properties":{"Route No":"7P109 W","Council District":13,"Time Start":"10:00 AM","Time End":"12:00 PM","Boundaries":"Franklin to Fountain / Nornmandie to Wilton pl,"},"geometry":null},{"type":"Feature","properties":{"Route No":"7P112 F","Council District":"4/13","Time Start":"12:00 PM","Time End":"3:00 PM","Boundaries":"Franklin to Fountain / Hillhurst to Nornmandie av"},"geometry":null},{"type":"Feature","properties":{"Route No":"7P112 W","Council District":"4/13","Time Start":"12:00 PM","Time End":"3:00 PM","Boundaries":"Franklin to Fountain / Hillhurst to Nornmandie av"},"geometry":null},{"type":"Feature","properties":{"Route No":"7P113 F","Council District":4,"Time Start":"7:30 AM","Time End":"9:30 AM","Boundaries":"Vermont av to Hillhurst av,/Russell av. To Prospect av"},"geometry":null},{"type":"Feature","properties":{"Route No":"7P113 W","Council District":4,"Time Start":"7:30 AM","Time End":"9:30 AM","Boundaries":"Vermont av to Hillhurst av,/Russell av. To Prospect av"},"geometry":null},{"type":"Feature","properties":{"Route No":"7P211 F","Council District":13,"Time Start":"11:00 AM","Time End":"2:00 PM","Boundaries":"Santa Monica bl. To Hollywood fwy / Hoover st. to Vermont av."},"geometry":null},{"type":"Feature","properties":{"Route No":"7P211 W","Council District":13,"Time Start":"11:00 AM","Time End":"2:00 PM","Boundaries":"Santa Monica bl. To Hollywood fwy / Hoover st. to Vermont av."},"geometry":null},{"type":"Feature","properties":{"Route No":"7P212 F","Council District":13,"Time Start":"8:00 AM","Time End":"10:00 AM","Boundaries":"Fountain av. to Santa Monica bl./ Vermont to  Hollywood fwy"},"geometry":null},{"type":"Feature","properties":{"Route No":"7P212 W","Council District":13,"Time Start":"8:00 AM","Time End":"10:00 AM","Boundaries":"Fountain av. to Santa Monica bl./ Vermont to  Hollywood fwy"},"geometry":null},{"type":"Feature","properties":{"Route No":"7P213 F","Council District":13,"Time Start":"11:00 AM","Time End":"2:00 PM","Boundaries":"Santa Monica bl.to Hollywood fwy / Vermont av. To Hollywood fwy"},"geometry":null},{"type":"Feature","properties":{"Route No":"7P213 W","Council District":13,"Time Start":"11:00 AM","Time End":"2:00 PM","Boundaries":"Santa Monica bl.to Hollywood fwy / Vermont av. To Hollywood fwy"},"geometry":null},{"type":"Feature","properties":{"Route No":"7P259 F","Council District":13,"Time Start":"12:00 PM","Time End":"2:00 PM","Boundaries":"Maltman av./Lucile av. To Silverlake bl /  Hoover st. to Sunset bl."},"geometry":null},{"type":"Feature","properties":{"Route No":"7P259 Th","Council District":13,"Time Start":"12:00 PM","Time End":"2:00 PM","Boundaries":"Maltman av./Lucile av. To Silverlake bl /  Hoover st. to Sunset bl."},"geometry":null},{"type":"Feature","properties":{"Route No":"7P260 F","Council District":13,"Time Start":"8:00 AM","Time End":"10:00 AM","Boundaries":"Sunset bl.to Hollywood fwy /  Coronado st to Silverlake bl."},"geometry":null},{"type":"Feature","properties":{"Route No":"7P260 Th","Council District":13,"Time Start":"8:00 AM","Time End":"10:00 AM","Boundaries":"Sunset bl.to Hollywood fwy /  Coronado st to Silverlake bl."},"geometry":null},{"type":"Feature","properties":{"Route No":"7P261 F","Council District":"4/13","Time Start":"8:00 AM","Time End":"11:00 AM","Boundaries":"Commonwealth av. To Western av. /  Los Feliz bl. To Franklin av."},"geometry":null},{"type":"Feature","properties":{"Route No":"7P261 W","Council District":"4/13","Time Start":"8:00 AM","Time End":"11:00 AM","Boundaries":"Commonwealth av. To Western av. /  Los Feliz bl. To Franklin av."},"geometry":null},{"type":"Feature","properties":{"Route No":"7P262 F","Council District":13,"Time Start":"12:00 PM","Time End":"2:00 PM","Boundaries":"Fountain av.to Maltman av /Lucile av.  /  Sunet bl./Griffith park bl. To Hoover st"},"geometry":null},{"type":"Feature","properties":{"Route No":"7P262 W","Council District":13,"Time Start":"12:00 PM","Time End":"2:00 PM","Boundaries":"Fountain av.to Maltman av /Lucile av.  /  Sunet bl./Griffith park bl. To Hoover st"},"geometry":null},{"type":"Feature","properties":{"Route No":"7P265 F","Council District":13,"Time Start":"10:00 AM","Time End":"12:00 PM","Boundaries":"Sunset bl. To Hollywood fwy / Coronado to Glendale bl."},"geometry":null},{"type":"Feature","properties":{"Route No":"7P265 Th","Council District":13,"Time Start":"10:00 AM","Time End":"12:00 PM","Boundaries":"Sunset bl. To Hollywood fwy / Coronado to Glendale bl."},"geometry":null},{"type":"Feature","properties":{"Route No":"7P300 M","Council District":4,"Time Start":"10:00 AM","Time End":"12:00 PM","Boundaries":"Westshire dr. to Franklin ave. / Beachwood dr. to Carmen av."},"geometry":null},{"type":"Feature","properties":{"Route No":"7P300 Tu","Council District":4,"Time Start":"10:00 AM","Time End":"12:00 PM","Boundaries":"Westshire dr. to Franklin ave. / Beachwood dr. to Carmen av."},"geometry":null},{"type":"Feature","properties":{"Route No":"7P321 F","Council District":13,"Time Start":"8:00 AM","Time End":"11:00 AM","Boundaries":"Goodwin av. To Glendale bl. /  Glendale bl. Griffith Park bl."},"geometry":null},{"type":"Feature","properties":{"Route No":"7P321 W","Council District":13,"Time Start":"8:00 AM","Time End":"11:00 AM","Boundaries":"Goodwin av. To Glendale bl. /  Glendale bl. Griffith Park bl."},"geometry":null},{"type":"Feature","properties":{"Route No":"7P322 F","Council District":4,"Time Start":"12:00 PM","Time End":"3:00 PM","Boundaries":"Los Feliz bl. To Franklin av. / St. George st. / Griffith park bl.to  Commonwealth av."},"geometry":null},{"type":"Feature","properties":{"Route No":"7P322 W","Council District":4,"Time Start":"12:00 PM","Time End":"3:00 PM","Boundaries":"Los Feliz bl. To Franklin av. / St. George st. / Griffith park bl.to  Commonwealth av."},"geometry":null},{"type":"Feature","properties":{"Route No":"7P323 F","Council District":13,"Time Start":"8:00 AM","Time End":"10:00 AM","Boundaries":"Glendale bl. To Silverlake bl/ / Glendale cityline to L A River"},"geometry":null},{"type":"Feature","properties":{"Route No":"7P323 Th","Council District":13,"Time Start":"8:00 AM","Time End":"10:00 AM","Boundaries":"Glendale bl. To Silverlake bl/ / Glendale cityline to L A River"},"geometry":null},{"type":"Feature","properties":{"Route No":"7P325 M","Council District":"4/13","Time Start":"8:00 AM","Time End":"10:00 AM","Boundaries":"Winans dr. to Harold way /  Western ave to Cahuenga bl."},"geometry":null},{"type":"Feature","properties":{"Route No":"7P325 Tu","Council District":"4/13","Time Start":"8:00 AM","Time End":"10:00 AM","Boundaries":"Winans dr. to Harold way /  Western ave to Cahuenga bl."},"geometry":null},{"type":"Feature","properties":{"Route No":"7P326 F","Council District":13,"Time Start":"10:00 AM","Time End":"12:00 PM","Boundaries":"Hollywood bl. & Sunset bl. To Santa Monica /  Hoover st to Vermont av."},"geometry":null},{"type":"Feature","properties":{"Route No":"7P326 W","Council District":13,"Time Start":"10:00 AM","Time End":"12:00 PM","Boundaries":"Hollywood bl. & Sunset bl. To Santa Monica /  Hoover st to Vermont av."},"geometry":null},{"type":"Feature","properties":{"Route No":"7P327 F","Council District":"4/13","Time Start":"8:00 AM","Time End":"10:00 AM","Boundaries":"Franklin av. to Fountain av. / Hillhurst to Sanorn av."},"geometry":null},{"type":"Feature","properties":{"Route No":"7P327 W","Council District":"4/13","Time Start":"8:00 AM","Time End":"10:00 AM","Boundaries":"Franklin av. to Fountain av. / Hillhurst to Sanorn av."},"geometry":null},{"type":"Feature","properties":{"Route No":"7P328 F","Council District":"4/13","Time Start":"10:00 AM","Time End":"12:00 PM","Boundaries":"St. George st. to Fountain av. / Sanborn av. Griffith park bl."},"geometry":null},{"type":"Feature","properties":{"Route No":"7P328 W","Council District":"4/13","Time Start":"10:00 AM","Time End":"12:00 PM","Boundaries":"St. George st. to Fountain av. / Sanborn av. Griffith park bl."},"geometry":null},{"type":"Feature","properties":{"Route No":"8NP100","Council District":5,"Time Start":"4:00 AM","Time End":"6:30 AM","Boundaries":"Alleys N/0 and S/O Melrose Ave Highland Ave to Fairfax Ave"},"geometry":null},{"type":"Feature","properties":{"Route No":"8P104 M","Council District":5,"Time Start":"10:00 AM","Time End":"12:00 PM","Boundaries":"Melrose Ave to Beverly Bl- Gardner to Laurel Ave"},"geometry":null},{"type":"Feature","properties":{"Route No":"8P104 Tu","Council District":5,"Time Start":"10:00 AM","Time End":"12:00 PM","Boundaries":"Melrose Ave to Beverly Bl- Gardner to Laurel Ave"},"geometry":null},{"type":"Feature","properties":{"Route No":"8P106 M","Council District":13,"Time Start":"10:00 AM","Time End":"1:00 PM","Boundaries":"Hollywood Bl to Santa Monica Bl-Wilton Pl to Vine st"},"geometry":null},{"type":"Feature","properties":{"Route No":"8P106 Tu","Council District":13,"Time Start":"10:00 AM","Time End":"1:00 PM","Boundaries":"Hollywood Bl to Santa Monica Bl-Wilton Pl to Vine st"},"geometry":null},{"type":"Feature","properties":{"Route No":"8P107 M","Council District":13,"Time Start":"8:00 AM","Time End":"10:00 AM","Boundaries":"Santa Monica Bl to Melrose Av- Wilton Pl to Vine St"},"geometry":null},{"type":"Feature","properties":{"Route No":"8P107 Tu","Council District":13,"Time Start":"8:00 AM","Time End":"10:00 AM","Boundaries":"Santa Monica Bl to Melrose Av- Wilton Pl to Vine St"},"geometry":null},{"type":"Feature","properties":{"Route No":"8P110 M","Council District":4,"Time Start":"11:00 AM","Time End":"2:00 PM","Boundaries":"Hollywood Bl to Fountain Ave - La Brea Ave to Gardner St"},"geometry":null},{"type":"Feature","properties":{"Route No":"8P110 Tu","Council District":4,"Time Start":"11:00 AM","Time End":"2:00 PM","Boundaries":"Hollywood Bl to Fountain Ave - La Brea Ave to Gardner St"},"geometry":null},{"type":"Feature","properties":{"Route No":"8P111 M","Council District":4,"Time Start":"9:00 AM","Time End":"12:00 PM","Boundaries":"Hollywood Bl to Fountain Ave- Sierra Bonita to Orange Grove Ave"},"geometry":null},{"type":"Feature","properties":{"Route No":"8P111 Tu","Council District":4,"Time Start":"9:00 AM","Time End":"12:00 PM","Boundaries":"Hollywood Bl to Fountain Ave- Sierra Bonita to Orange Grove Ave"},"geometry":null},{"type":"Feature","properties":{"Route No":"8P120 F","Council District":"4/10","Time Start":"10:00 AM","Time End":"12:00 PM","Boundaries":"Elmwood Ave to 3rd St - Normandie Ave to Wilton PL"},"geometry":null},{"type":"Feature","properties":{"Route No":"8P120 W","Council District":"4/10","Time Start":"10:00 AM","Time End":"12:00 PM","Boundaries":"Elmwood Ave to 3rd St - Normandie Ave to Wilton PL"},"geometry":null},{"type":"Feature","properties":{"Route No":"8P150 M","Council District":4,"Time Start":"9:00 AM","Time End":"11:00 AM","Boundaries":"Larchmont Bl to Wilton Pl- Melrose Ave to Elmwood Ave"},"geometry":null},{"type":"Feature","properties":{"Route No":"8P150 Tu","Council District":4,"Time Start":"9:00 AM","Time End":"11:00 AM","Boundaries":"Larchmont Bl to Wilton Pl- Melrose Ave to Elmwood Ave"},"geometry":null},{"type":"Feature","properties":{"Route No":"8P151 F","Council District":"4/13","Time Start":"8:00 AM","Time End":"10:00 AM","Boundaries":"Santa Monica Bl to Elmwood Ave- Wilton Pl to Western Ave"},"geometry":null},{"type":"Feature","properties":{"Route No":"8P151 W","Council District":"4/13","Time Start":"8:00 AM","Time End":"10:00 AM","Boundaries":"Santa Monica Bl to Elmwood Ave- Wilton Pl to Western Ave"},"geometry":null},{"type":"Feature","properties":{"Route No":"8P152 M","Council District":5,"Time Start":"8:00 AM","Time End":"10:00 AM","Boundaries":"Rosewood Ave to 3rd St- Fairfax Ave to La Cienaga BL"},"geometry":null},{"type":"Feature","properties":{"Route No":"8P152 Tu","Council District":5,"Time Start":"8:00 AM","Time End":"10:00 AM","Boundaries":"Rosewood Ave to 3rd St- Fairfax Ave to La Cienaga BL"},"geometry":null},{"type":"Feature","properties":{"Route No":"8P153 M","Council District":5,"Time Start":"10:00 AM","Time End":"12:00 PM","Boundaries":"Beverly Blvd to 3rd St- La Brea Ave to Gardner St"},"geometry":null},{"type":"Feature","properties":{"Route No":"8P153 Tu","Council District":5,"Time Start":"10:00 AM","Time End":"12:00 PM","Boundaries":"Beverly Blvd to 3rd St- La Brea Ave to Gardner St"},"geometry":null},{"type":"Feature","properties":{"Route No":"8P154 F","Council District":13,"Time Start":"12:00 PM","Time End":"2:00 PM","Boundaries":"Beverly Blvd to 3rd St- Vermont Ave to Normandie Ave"},"geometry":null},{"type":"Feature","properties":{"Route No":"8P154 W","Council District":13,"Time Start":"12:00 PM","Time End":"2:00 PM","Boundaries":"Beverly Blvd to 3rd St- Vermont Ave to Normandie Ave"},"geometry":null},{"type":"Feature","properties":{"Route No":"8P172 M","Council District":5,"Time Start":"12:00 PM","Time End":"3:00 PM","Boundaries":"Melrose Ave to Beverly Blvd- Seward to La Brea Ave"},"geometry":null},{"type":"Feature","properties":{"Route No":"8P172 Tu","Council District":5,"Time Start":"12:00 PM","Time End":"3:00 PM","Boundaries":"Melrose Ave to Beverly Blvd- Seward to La Brea Ave"},"geometry":null},{"type":"Feature","properties":{"Route No":"8P173 M","Council District":5,"Time Start":"12:00 PM","Time End":"3:00 PM","Boundaries":"Beverly Blvd to 3rd St- Hudson Pl to La Brea Ave"},"geometry":null},{"type":"Feature","properties":{"Route No":"8P173 Tu","Council District":5,"Time Start":"12:00 PM","Time End":"3:00 PM","Boundaries":"Beverly Blvd to 3rd St- Hudson Pl to La Brea Ave"},"geometry":null},{"type":"Feature","properties":{"Route No":"8P174 M","Council District":4,"Time Start":"12:00 PM","Time End":"3:00 PM","Boundaries":"Melrose Ave to 3rd St- Larchmont Blvd to Wilcox Ave"},"geometry":null},{"type":"Feature","properties":{"Route No":"8P174 Tu","Council District":4,"Time Start":"12:00 PM","Time End":"3:00 PM","Boundaries":"Melrose Ave to 3rd St- Larchmont Blvd to Wilcox Ave"},"geometry":null},{"type":"Feature","properties":{"Route No":"8P175 M","Council District":4,"Time Start":"10:00 AM","Time End":"1:00 PM","Boundaries":"Rosewood Ave to 3rd St -Van Ness to Larchmont Blvd"},"geometry":null},{"type":"Feature","properties":{"Route No":"8P175 Tu","Council District":4,"Time Start":"10:00 AM","Time End":"1:00 PM","Boundaries":"Rosewood Ave to 3rd St -Van Ness to Larchmont Blvd"},"geometry":null},{"type":"Feature","properties":{"Route No":"8P176 F","Council District":13,"Time Start":"8:00 AM","Time End":"11:00 AM","Boundaries":"Hollywood Fwy to Beverly Blvd-Vermont Ave to Western Ave"},"geometry":null},{"type":"Feature","properties":{"Route No":"8P176 W","Council District":13,"Time Start":"8:00 AM","Time End":"11:00 AM","Boundaries":"Hollywood Fwy to Beverly Blvd-Vermont Ave to Western Ave"},"geometry":null},{"type":"Feature","properties":{"Route No":"8P177 M","Council District":5,"Time Start":"10:00 AM","Time End":"12:00 PM","Boundaries":"Romaine St to Melrose Ave - La Brea Ave to Fairfax Ave"},"geometry":null},{"type":"Feature","properties":{"Route No":"8P177 Tu","Council District":5,"Time Start":"10:00 AM","Time End":"12:00 PM","Boundaries":"Romaine St to Melrose Ave - La Brea Ave to Fairfax Ave"},"geometry":null},{"type":"Feature","properties":{"Route No":"8P178 M","Council District":5,"Time Start":"12:00 PM","Time End":"3:00 PM","Boundaries":"Melrose Ave to Beverly Blvd -La Brea Ave to Stanley Ave"},"geometry":null},{"type":"Feature","properties":{"Route No":"8P178 Tu","Council District":5,"Time Start":"12:00 PM","Time End":"3:00 PM","Boundaries":"Melrose Ave to Beverly Blvd -La Brea Ave to Stanley Ave"},"geometry":null},{"type":"Feature","properties":{"Route No":"8P205 M","Council District":"4/13","Time Start":"10:00 AM","Time End":"1:00 PM","Boundaries":"Sunset Blvd to Santa Monica Blvd - Vine St to Highland Ave"},"geometry":null},{"type":"Feature","properties":{"Route No":"8P205 Tu","Council District":"4/13","Time Start":"10:00 AM","Time End":"1:00 PM","Boundaries":"Sunset Blvd to Santa Monica Blvd - Vine St to Highland Ave"},"geometry":null},{"type":"Feature","properties":{"Route No":"8P206 M","Council District":4,"Time Start":"12:00 PM","Time End":"3:00 PM","Boundaries":"Santa Monica Blvd to Melrose Ave- Vine St to Highland Ave"},"geometry":null},{"type":"Feature","properties":{"Route No":"8P206 Tu","Council District":4,"Time Start":"12:00 PM","Time End":"3:00 PM","Boundaries":"Santa Monica Blvd to Melrose Ave- Vine St to Highland Ave"},"geometry":null},{"type":"Feature","properties":{"Route No":"8P263 M","Council District":4,"Time Start":"12:00 PM","Time End":"3:00 PM","Boundaries":"Franklin Ave to Melrose Ave- Highland Ave to La Brea Ave"},"geometry":null},{"type":"Feature","properties":{"Route No":"8P263 Tu","Council District":4,"Time Start":"12:00 PM","Time End":"3:00 PM","Boundaries":"Franklin Ave to Melrose Ave- Highland Ave to La Brea Ave"},"geometry":null},{"type":"Feature","properties":{"Route No":"8P264 M","Council District":5,"Time Start":"8:00 AM","Time End":"10:00 AM","Boundaries":"L.A City Line to Rosewood Ave - Fairfax Ave to LA Cienega Blvd"},"geometry":null},{"type":"Feature","properties":{"Route No":"8P264 Tu","Council District":5,"Time Start":"8:00 AM","Time End":"10:00 AM","Boundaries":"L.A City Line to Rosewood Ave - Fairfax Ave to LA Cienega Blvd"},"geometry":null},{"type":"Feature","properties":{"Route No":"8P323 M","Council District":4,"Time Start":"8:00 AM","Time End":"10:00 AM","Boundaries":"Hollywood Blvd to City Line - Fairfax Blvd to Doheny"},"geometry":null},{"type":"Feature","properties":{"Route No":"8P323 Tu","Council District":4,"Time Start":"8:00 AM","Time End":"10:00 AM","Boundaries":"Hollywood Blvd to City Line - Fairfax Blvd to Doheny"},"geometry":null},{"type":"Feature","properties":{"Route No":"8P324 M","Council District":13,"Time Start":"8:00 AM","Time End":"10:00 AM","Boundaries":"Cahuenga Blvd to Hollywood Blvd- Cahuenga to Highland Ave"},"geometry":null},{"type":"Feature","properties":{"Route No":"8P324 Tu","Council District":13,"Time Start":"8:00 AM","Time End":"10:00 AM","Boundaries":"Cahuenga Blvd to Hollywood Blvd- Cahuenga to Highland Ave"},"geometry":null},{"type":"Feature","properties":{"Route No":"9P102 M","Council District":5,"Time Start":"8:00 AM","Time End":"10:00 AM","Boundaries":"Oakhurst - San Vicente, Beverly - Clifton"},"geometry":null},{"type":"Feature","properties":{"Route No":"9P102 Tu","Council District":5,"Time Start":"8:00 AM","Time End":"10:00 AM","Boundaries":"Oakhurst - San Vicente, Beverly - Clifton"},"geometry":null},{"type":"Feature","properties":{"Route No":"9P103 M","Council District":5,"Time Start":"9:00 AM","Time End":"12:00 PM","Boundaries":"San Vicente - Fairfax, 3rd - Wilshire"},"geometry":null},{"type":"Feature","properties":{"Route No":"9P103 Tu","Council District":5,"Time Start":"9:00 AM","Time End":"12:00 PM","Boundaries":"San Vicente - Fairfax, 3rd - Wilshire"},"geometry":null},{"type":"Feature","properties":{"Route No":"9P105 M","Council District":4,"Time Start":"8:00 AM","Time End":"10:00 AM","Boundaries":"Hauser - La Brea, 3rd - Wilshire"},"geometry":null},{"type":"Feature","properties":{"Route No":"9P105 Tu","Council District":4,"Time Start":"8:00 AM","Time End":"10:00 AM","Boundaries":"Hauser - La Brea, 3rd - Wilshire"},"geometry":null},{"type":"Feature","properties":{"Route No":"9P107 Th","Council District":10,"Time Start":"10:00 AM","Time End":"1:00 PM","Boundaries":"Western - Irolo, Wilshire - Olympic"},"geometry":null},{"type":"Feature","properties":{"Route No":"9P107 W","Council District":10,"Time Start":"10:00 AM","Time End":"1:00 PM","Boundaries":"Irolo - Vermont, Wilshire - Olympic"},"geometry":null},{"type":"Feature","properties":{"Route No":"9P111 Th","Council District":1,"Time Start":"12:00 PM","Time End":"3:00 PM","Boundaries":"Western - Normandie, Olympic - Pico"},"geometry":null},{"type":"Feature","properties":{"Route No":"9P111 W","Council District":1,"Time Start":"12:00 PM","Time End":"3:00 PM","Boundaries":"Normandie - Vermont, Olympic - Pico"},"geometry":null},{"type":"Feature","properties":{"Route No":"9P121 Th","Council District":10,"Time Start":"8:00 AM","Time End":"10:00 AM","Boundaries":"Western - Normandie, 3rd - Wilshire"},"geometry":null},{"type":"Feature","properties":{"Route No":"9P121 W","Council District":10,"Time Start":"8:00 AM","Time End":"10:00 AM","Boundaries":"Western - Normandie, 3rd - Wilshire"},"geometry":null},{"type":"Feature","properties":{"Route No":"9P144 Th","Council District":10,"Time Start":"12:00 PM","Time End":"3:00 PM","Boundaries":"Crenshaw - Wilton, Olympic - Pico"},"geometry":null},{"type":"Feature","properties":{"Route No":"9P144 W","Council District":10,"Time Start":"12:00 PM","Time End":"3:00 PM","Boundaries":"Crenshaw - Wilton, Olympic - Pico"},"geometry":null},{"type":"Feature","properties":{"Route No":"9P145 M","Council District":5,"Time Start":"8:00 AM","Time End":"10:00 AM","Boundaries":"Olympic - Cashio, Robertson - La Cienega"},"geometry":null},{"type":"Feature","properties":{"Route No":"9P145 Tu","Council District":5,"Time Start":"8:00 AM","Time End":"10:00 AM","Boundaries":"Olympic - Cashio, Robertson - La Cienega"},"geometry":null},{"type":"Feature","properties":{"Route No":"9P146 Th","Council District":"4/10","Time Start":"11:00 AM","Time End":"2:00 PM","Boundaries":"3rd - Pico, Western - Wilton"},"geometry":null},{"type":"Feature","properties":{"Route No":"9P146 W","Council District":"4/10","Time Start":"11:00 AM","Time End":"2:00 PM","Boundaries":"4th - Pico, Western - Wilton"},"geometry":null},{"type":"Feature","properties":{"Route No":"9P147 Th","Council District":10,"Time Start":"8:00 AM","Time End":"10:00 AM","Boundaries":"3rd - Wilshire, Vermont - Normandie"},"geometry":null},{"type":"Feature","properties":{"Route No":"9P147 W","Council District":10,"Time Start":"8:00 AM","Time End":"10:00 AM","Boundaries":"4th - Wilshire, Vermont - Normandie"},"geometry":null},{"type":"Feature","properties":{"Route No":"9P148 Th","Council District":1,"Time Start":"8:00 AM","Time End":"10:00 AM","Boundaries":"Western - Vermont, Pico - Venice & Venice - Washington, Wilton - Vermont"},"geometry":null},{"type":"Feature","properties":{"Route No":"9P148 W","Council District":1,"Time Start":"8:00 AM","Time End":"10:00 AM","Boundaries":"Western - Vermont, Pico - Venice & Venice - Washington, Wilton - Vermont"},"geometry":null},{"type":"Feature","properties":{"Route No":"9P149 Th","Council District":1,"Time Start":"9:00 AM","Time End":"12:00 PM","Boundaries":"Western - Normandie, Venice - 10 Fwy & Normandie - Vermont, Washington - 10 Fwy"},"geometry":null},{"type":"Feature","properties":{"Route No":"9P149 W","Council District":1,"Time Start":"9:00 AM","Time End":"12:00 PM","Boundaries":"Western - Normandie, Venice - 10 Fwy & Normandie - Vermont, Washington - 10 Fwy"},"geometry":null},{"type":"Feature","properties":{"Route No":"9P150 M","Council District":5,"Time Start":"8:00 AM","Time End":"10:00 AM","Boundaries":"LeDoux - Robertson, Gregory - Olympic"},"geometry":null},{"type":"Feature","properties":{"Route No":"9P150 Tu","Council District":5,"Time Start":"8:00 AM","Time End":"10:00 AM","Boundaries":"LeDoux - Robertson, Gregory - Olympic"},"geometry":null},{"type":"Feature","properties":{"Route No":"9P151 Th","Council District":10,"Time Start":"8:00 AM","Time End":"11:00 AM","Boundaries":"Pico - Washington, Wilton - Bronson"},"geometry":null},{"type":"Feature","properties":{"Route No":"9P151 W","Council District":10,"Time Start":"8:00 AM","Time End":"11:00 AM","Boundaries":"Pico - Washington, Wilton - Bronson"},"geometry":null},{"type":"Feature","properties":{"Route No":"9P162 M","Council District":10,"Time Start":"10:00 AM","Time End":"12:00 PM","Boundaries":"Thurman - La Brea, Washington - 10 Fwy"},"geometry":null},{"type":"Feature","properties":{"Route No":"9P162 Tu","Council District":10,"Time Start":"10:00 AM","Time End":"12:00 PM","Boundaries":"Thurman - La Brea, Washington - 10 Fwy"},"geometry":null},{"type":"Feature","properties":{"Route No":"9P163 M","Council District":"4/10","Time Start":"12:00 PM","Time End":"3:00 PM","Boundaries":"Pico - Olympic, Houser - La Brea"},"geometry":null},{"type":"Feature","properties":{"Route No":"9P163 Tu","Council District":"4/10","Time Start":"12:00 PM","Time End":"3:00 PM","Boundaries":"Pico - Olympic, Houser - La Brea"},"geometry":null},{"type":"Feature","properties":{"Route No":"9P164 Th","Council District":10,"Time Start":"12:00 PM","Time End":"3:00 PM","Boundaries":"Pico - 10 Fwy, Western - Arlington"},"geometry":null},{"type":"Feature","properties":{"Route No":"9P164 W","Council District":10,"Time Start":"12:00 PM","Time End":"3:00 PM","Boundaries":"Pico - 10 Fwy, Western - Arlington"},"geometry":null},{"type":"Feature","properties":{"Route No":"9P165 Th","Council District":10,"Time Start":"10:00 AM","Time End":"12:00 PM","Boundaries":"La Brea - Arlington, 10 Fwy - Washington"},"geometry":null},{"type":"Feature","properties":{"Route No":"9P165 W","Council District":10,"Time Start":"10:00 AM","Time End":"12:00 PM","Boundaries":"La Brea - Arlington, 10 Fwy - Washington"},"geometry":null},{"type":"Feature","properties":{"Route No":"9P218 M","Council District":"5/10","Time Start":"10:00 AM","Time End":"12:00 PM","Boundaries":"Olympic - Saturn, Fairfax - La Cienega"},"geometry":null},{"type":"Feature","properties":{"Route No":"9P218 Tu","Council District":"5/10","Time Start":"10:00 AM","Time End":"12:00 PM","Boundaries":"Olympic - Saturn, Fairfax - La Cienega"},"geometry":null},{"type":"Feature","properties":{"Route No":"9P219 M","Council District":10,"Time Start":"10:00 AM","Time End":"12:00 PM","Boundaries":"Sawyer - Kramerwood, Venice - Robertson"},"geometry":null},{"type":"Feature","properties":{"Route No":"9P219 Tu","Council District":10,"Time Start":"10:00 AM","Time End":"12:00 PM","Boundaries":"Sawyer - Kramerwood, Venice - Robertson"},"geometry":null},{"type":"Feature","properties":{"Route No":"9P276 M","Council District":5,"Time Start":"8:00 AM","Time End":"11:00 AM","Boundaries":"Sawyer - Pickford, Robertson - Crescent Heights"},"geometry":null},{"type":"Feature","properties":{"Route No":"9P276 Tu","Council District":5,"Time Start":"8:00 AM","Time End":"11:00 AM","Boundaries":"Sawyer - Pickford, Robertson - Crescent Heights"},"geometry":null},{"type":"Feature","properties":{"Route No":"9P277 M","Council District":4,"Time Start":"9:00 AM","Time End":"11:00 AM","Boundaries":"Wilshire - Olympic, Sierra Bonita - La Brea"},"geometry":null},{"type":"Feature","properties":{"Route No":"9P277 Tu","Council District":4,"Time Start":"9:00 AM","Time End":"11:00 AM","Boundaries":"Wilshire - Olympic, Sierra Bonita - La Brea"},"geometry":null},{"type":"Feature","properties":{"Route No":"9P279 Th","Council District":10,"Time Start":"9:00 AM","Time End":"12:00 PM","Boundaries":"Olympic - 12th ST, Redondo - Lucerne"},"geometry":null},{"type":"Feature","properties":{"Route No":"9P279 W","Council District":10,"Time Start":"9:00 AM","Time End":"12:00 PM","Boundaries":"Olympic - 12th ST, Redondo - Lucerne"},"geometry":null},{"type":"Feature","properties":{"Route No":"9P280 M","Council District":10,"Time Start":"12:00 PM","Time End":"3:00 PM","Boundaries":"Buchard - National, 10 Fwy - city line (n/o Washington)"},"geometry":null},{"type":"Feature","properties":{"Route No":"9P280 Tu","Council District":10,"Time Start":"12:00 PM","Time End":"3:00 PM","Boundaries":"Buchard - National, 10 Fwy - city line (n/o Washington)"},"geometry":null},{"type":"Feature","properties":{"Route No":"9P281 Th","Council District":10,"Time Start":"12:00 PM","Time End":"3:00 PM","Boundaries":"Venice - Washington, La Brea - West"},"geometry":null},{"type":"Feature","properties":{"Route No":"9P281 W","Council District":10,"Time Start":"12:00 PM","Time End":"3:00 PM","Boundaries":"Venice - Washington, West - Crenshaw"},"geometry":null},{"type":"Feature","properties":{"Route No":"9P282 M","Council District":5,"Time Start":"12:00 PM","Time End":"3:00 PM","Boundaries":"Wilshire - Olympic, Sierra Bonita - Schumacher"},"geometry":null},{"type":"Feature","properties":{"Route No":"9P282 Tu","Council District":5,"Time Start":"12:00 PM","Time End":"3:00 PM","Boundaries":"Wilshire - Olympic, Sierra Bonita - Schumacher"},"geometry":null},{"type":"Feature","properties":{"Route No":"9P283 Th","Council District":10,"Time Start":"9:00 AM","Time End":"12:00 PM","Boundaries":"Pico - 12th St, Queen Ann - La Brea"},"geometry":null},{"type":"Feature","properties":{"Route No":"9P283 W","Council District":10,"Time Start":"9:00 AM","Time End":"12:00 PM","Boundaries":"Pico - 12th St, Queen Ann - La Brea"},"geometry":null},{"type":"Feature","properties":{"Route No":"9P284 M","Council District":"4/10","Time Start":"12:00 PM","Time End":"3:00 PM","Boundaries":"Olympic - Pico, Hauser - Fairfax"},"geometry":null},{"type":"Feature","properties":{"Route No":"9P284 Tu","Council District":"4/10","Time Start":"12:00 PM","Time End":"3:00 PM","Boundaries":"Olympic - Pico, Hauser - Fairfax"},"geometry":null},{"type":"Feature","properties":{"Route No":"9P285 Th","Council District":4,"Time Start":"8:00 AM","Time End":"11:00 AM","Boundaries":"3rd st to Olympic Bl- Wilton Pl to La Brea ave"},"geometry":null},{"type":"Feature","properties":{"Route No":"9P285 W","Council District":4,"Time Start":"8:00 AM","Time End":"11:00 AM","Boundaries":"3rd st to Olympic Bl- Wilton Pl to La Brea ave"},"geometry":null},{"type":"Feature","properties":{"Route No":"9P286 Th","Council District":"4/10","Time Start":"10:00 AM","Time End":"12:00 PM","Boundaries":"Olympic - Wilshire, Wilton  - Lucerne"},"geometry":null},{"type":"Feature","properties":{"Route No":"9P286 W","Council District":"4/10","Time Start":"10:00 AM","Time End":"12:00 PM","Boundaries":"Olympic - Wilshire, Wilton  - Lucerne"},"geometry":null},{"type":"Feature","properties":{"Route No":"9P343 Th","Council District":4,"Time Start":"8:00 AM","Time End":"11:00 AM","Boundaries":"3rd St - 6th St, Van Ness - La Brea"},"geometry":null},{"type":"Feature","properties":{"Route No":"9P343 W","Council District":4,"Time Start":"8:00 AM","Time End":"11:00 AM","Boundaries":"4th St - 6th St, Van Ness - La Brea"},"geometry":null},{"type":"Feature","properties":{"Route No":"9P344 Th","Council District":10,"Time Start":"8:00 AM","Time End":"10:00 AM","Boundaries":"Olympi - Pico, Queen Ann - Crenshaw"},"geometry":null},{"type":"Feature","properties":{"Route No":"9P344 W","Council District":10,"Time Start":"8:00 AM","Time End":"10:00 AM","Boundaries":"Olympi - Pico, Queen Ann - Crenshaw"},"geometry":null},{"type":"Feature","properties":{"Route No":"9P345 M","Council District":5,"Time Start":"12:00 PM","Time End":"3:00 PM","Boundaries":"Pico - Venice, Fairfax - Hauser"},"geometry":null},{"type":"Feature","properties":{"Route No":"9P345 Tu","Council District":5,"Time Start":"12:00 PM","Time End":"3:00 PM","Boundaries":"Washington - Venice, Fairfax - Hauser"},"geometry":null},{"type":"Feature","properties":{"Route No":"9P346 M","Council District":5,"Time Start":"11:00 AM","Time End":"2:00 PM","Boundaries":"Gutherie - Saturn, Fairfax, Crescent Heights"},"geometry":null},{"type":"Feature","properties":{"Route No":"9P346 Tu","Council District":5,"Time Start":"11:00 AM","Time End":"2:00 PM","Boundaries":"Gutherie - Saturn, Fairfax, Crescent Heights"},"geometry":null},{"type":"Feature","properties":{"Route No":"9P347 M","Council District":10,"Time Start":"8:00 AM","Time End":"10:00 AM","Boundaries":"Pico - Washington, Hauser - La Brea"},"geometry":null},{"type":"Feature","properties":{"Route No":"9P347 Tu","Council District":10,"Time Start":"8:00 AM","Time End":"10:00 AM","Boundaries":"Pico - Washington, Hauser - La Brea"},"geometry":null}]}